ticket_id,customer_id,order_id,timestamp,support_channel,customer_region,customer_age_band,preferred_language,customer_tenure_months,product_category,order_value,delivery_delay_days,previous_ticket_count,issue_title,issue_description,issue_category,priority,customer_sentiment,attachment_available,image_id,escalated,resolution_time_hours,refund_requested,refund_amount,csat_score,accessibility_support_flag,resolution_status_after_7d,final_agent_disposition
TKT000000001,CUST0040150,ORD00001001,2025-12-07T09:15,email,Scotland,55-64,English,43,electronics,192.4,0,1,Product is broken,Can someone check this? the product is damaged. The order value is about GBP 192.40. Can you confirm the next step? ASAP,damaged_item,medium,negative,1,IMG_DAMAGED_0001,0,9.3,0,0.0,3.5,0,resolved_within_7d,resolved_standard
TKT000000002,CUST0031580,ORD00001002,2025-08-22T21:20,mobile_app,West Midlands,65+,English,31,toys,128.41,1,2,Item arrived damaged,"Hi, the box was crushed and the item is broken. The order value is about GBP 128.41. Thank you. #help",damaged_item,low,neutral,1,IMG_DAMAGED_0002,0,24.72,0,0.0,3.8,0,resolved_within_7d,resolved_standard
TKT000000003,CUST0114820,ORD00001003,2025-01-01T07:23,email,Yorkshire,55-64,Punjabi,53,toys,100.69,2,2,Damage on arrival,Can someone check this? the box was crushed and the item is broken. The order value is about GBP 100.69. Thanks. thx,damaged_item,medium,neutral,1,IMG_DAMAGED_0003,0,17.83,0,0.0,3.8,0,resolved_within_7d,resolved_standard
TKT000000004,CUST0096847,ORD00001004,2025-10-02T14:24,mobile_app,Yorkshire,35-44,English,39,beauty,187.32,1,2,Damage on arrival,"Hello, the box was crushed and the item is broken. The order value is about GBP 187.32. Please advise. pls",damaged_item,medium,neutral,1,IMG_DAMAGED_0004,0,15.88,1,138.73,3.7,0,resolved_within_7d,refund_or_return_completed
TKT000000005,CUST0170029,ORD00001005,2025-08-04T23:34,Web Chat,Yorkshire,45-54,English,21,home,126.81,1,2,Damage on arrival,I need assistance because there is visible damage. The order value is about GBP 126.81. Please advise. #help,damaged_item,high,negative,1,IMG_DAMAGED_0005,1,28.87,0,0.0,3.1,0,resolved_within_7d,specialist_escalation
TKT000000006,CUST0110776,ORD00001006,2025-12-19T16:14,web_chat,Yorkshire,25-34,English,33,toys,95.75,0,3,Product is broken,"Hello, the product is damaged. The order value is about GBP 95.75. I need this resolved soon.",damaged_item,medium,neutral,1,IMG_DAMAGED_0006,0,17.52,0,0.0,3.3,0,resolved_within_7d,resolved_standard
TKT000000007,CUST0111155,ORD00001007,2025-05-03T23:41,mobile_app,London,35-44,English,41,grocery,37.58,1,2,Product is broken,Please help - the box was crushed and the item is broken. The order value is about GBP 37.58. I need this resolved soon. pls,damaged_item,high,positive,1,IMG_DAMAGED_0007,1,30.81,0,0.0,2.5,0,resolved_within_7d,specialist_escalation
TKT000000008,CUST0040602,ORD00001008,2025-11-13T03:30,web_chat,London,45-54,English,26,appliances,184.04,17,3,Item arrived damaged,Can someone check this? the item arrived cracked. The order value is about GBP 184.04. Please get back to me. ...,damaged_item,medium,negative,1,IMG_DAMAGED_0008,1,56.33,0,0.0,1.6,0,resolved_within_7d,specialist_escalation
TKT000000009,CUST0015023,ORD00001009,2025-06-30T07:18,email,South West,25-34,English,110,home,175.33,2,1,Item arrived damaged,"Support team, the box was crushed and the item is broken. The order value is about GBP 175.33. Thanks. pls",damaged_item,medium,positive,1,IMG_DAMAGED_0009,0,24.36,1,140.8,3.1,0,resolved_within_7d,refund_or_return_completed
TKT000000010,CUST0132441,ORD00001010,2025-09-02T05:47,web_chat,Northern Ireland,25-34,English,9,grocery,66.59,1,1,Product is broken,Can someone check this? the box was crushed and the item is broken. The order value is about GBP 66.59. Thanks. ASAP,damaged_item,low,negative,1,IMG_DAMAGED_0010,0,22.45,1,41.18,3.7,0,resolved_within_7d,refund_or_return_completed
TKT000000011,CUST0090287,ORD00001011,2025-11-02T03:27,web_chat,South West,25-34,English,41,fashion,25.04,1,0,Product is broken,Please help - the product is damaged. The order value is about GBP 25.04. I need this resolved soon. #help,damaged_item,medium,neutral,1,IMG_DAMAGED_0011,0,17.39,0,0.0,3.9,0,resolved_within_7d,resolved_standard
TKT000000012,CUST0032496,ORD00001012,2025-06-18T18:50,web_chat,Yorkshire,55-64,English,29,appliances,99.17,3,0,Item arrived damaged,Can someone check this? the product is damaged. The order value is about GBP 99.17. Please advise. thx,damaged_item,medium,neutral,1,IMG_DAMAGED_0012,0,9.88,0,0.0,4.4,0,resolved_within_7d,resolved_standard
TKT000000013,CUST0093940,ORD00001013,2025-10-10T09:19,web_chat,South West,25-34,English,22,sports,82.67,0,2,Product is broken,"Hi, the box was crushed and the item is broken. The order value is about GBP 82.67. Thanks. ASAP",damaged_item,medium,negative,1,IMG_DAMAGED_0013,0,21.97,0,0.0,3.0,0,resolved_within_7d,resolved_standard
TKT000000014,CUST0019471,ORD00001014,2025-04-08T09:48,web_chat,Northern Ireland,45-54,English,16,appliances,364.87,2,2,Item arrived damaged,"Hi, there is visible damage. The order value is about GBP 364.87. Thank you. sent from mobile",damaged_item,high,neutral,1,IMG_DAMAGED_0014,0,26.94,0,0.0,3.1,0,resolved_within_7d,resolved_standard
TKT000000015,CUST0049609,ORD00001015,2025-12-04T19:51,web_chat,Wales,65+,English,47,home,84.64,6,3,Product is broken,I need assistance because there is visible damage. The order value is about GBP 84.64. Thanks. !!!,damaged_item,low,negative,1,IMG_DAMAGED_0015,1,29.14,0,0.0,2.2,0,resolved_within_7d,specialist_escalation
TKT000000016,CUST0059346,ORD00001016,2025-01-11T18:54,email,Scotland,35-44,English,25,appliances,97.77,1,1,Product is broken,Can someone check this? the item arrived cracked. The order value is about GBP 97.77. Can you confirm the next step? #help,damaged_item,medium,negative,1,IMG_DAMAGED_0016,0,22.18,0,0.0,,0,resolved_within_7d,resolved_standard
TKT000000017,CUST0177157,ORD00001017,2025-07-27T20:09,mobile_app,Yorkshire,45-54,English,21,home,19.63,5,2,Damage on arrival,"Hello, there is visible damage. The order value is about GBP 19.63. I need this resolved soon. #help",damaged_item,low,negative,1,IMG_DAMAGED_0017,0,26.62,1,12.4,2.8,0,resolved_within_7d,refund_or_return_completed
TKT000000018,CUST0194902,ORD00001018,2025-12-04T00:37,web_chat,North West,35-44,English,20,home,142.99,1,3,Damage on arrival,Please help - the box was crushed and the item is broken. The order value is about GBP 142.99. Please get back to me. sent from mobile,damaged_item,low,neutral,1,IMG_DAMAGED_0018,0,14.37,0,0.0,4.2,0,resolved_within_7d,resolved_standard
TKT000000019,CUST0115391,ORD00001019,2025-05-29T09:29,email,Wales,18-24,English,6,fashion,81.81,4,0,Damage on arrival,"Support team, the item arrived cracked. The order value is about GBP 81.81. I need this resolved soon. thx",damaged_item,medium,neutral,1,IMG_DAMAGED_0019,0,32.27,0,0.0,3.8,1,resolved_within_7d,resolved_standard
TKT000000020,CUST0174405,ORD00001020,2025-02-20T10:44,web_chat,London,35-44,English,23,beauty,51.71,3,2,Item arrived damaged,I need assistance because the box was crushed and the item is broken. The order value is about GBP 51.71. Can you confirm the next step? !!!,damaged_item,medium,negative,1,IMG_DAMAGED_0020,0,12.39,0,0.0,4.0,0,resolved_within_7d,resolved_standard
TKT000000021,CUST0048200,ORD00001021,2025-07-25T18:12,web_chat,North West,45-54,English,78,appliances,266.54,0,0,Damage on arrival,"Support team, there is visible damage. The order value is about GBP 266.54. Thanks. ASAP",damaged_item,low,positive,1,IMG_DAMAGED_0021,0,14.86,1,182.08,4.5,0,resolved_within_7d,refund_or_return_completed
TKT000000022,CUST0026049,ORD00001022,2025-09-15T23:50,web_chat,Yorkshire,55-64,English,58,toys,64.61,7,1,Product is broken,Can someone check this? the box was crushed and the item is broken. The order value is about GBP 64.61. I need this resolved soon. ...,damaged_item,medium,negative,1,IMG_DAMAGED_0022,0,26.3,0,0.0,2.5,0,resolved_within_7d,resolved_standard
TKT000000023,CUST0176043,ORD00001023,2025-02-07T09:31,email,Yorkshire,25-34,English,78,fashion,72.22,9,3,Product is broken,"Support team, the box was crushed and the item is broken. The order value is about GBP 72.22. Thank you. ...",damaged_item,medium,negative,1,IMG_DAMAGED_0023,1,40.8,1,44.21,2.2,0,resolved_within_7d,specialist_escalation
TKT000000024,CUST0094907,ORD00001024,2025-01-23T04:19,phone,South East,18-24,Polish,9,fashion,527.91,2,4,Item arrived damaged,"Hello, the product is damaged. The order value is about GBP 527.91. I need this resolved soon. pls",damaged_item,high,negative,1,IMG_DAMAGED_0024,1,20.4,0,0.0,3.1,0,resolved_within_7d,specialist_escalation
TKT000000025,CUST0065992,ORD00001025,2025-03-22T09:05,email,Scotland,25-34,English,23,home,454.2,11,1,Damage on arrival,Can someone check this? the box was crushed and the item is broken. The order value is about GBP 454.20. Thanks. !!!,damaged_item,low,neutral,1,IMG_DAMAGED_0025,0,26.46,0,0.0,3.9,1,resolved_within_7d,resolved_standard
TKT000000026,CUST0196751,ORD00001026,2025-05-16T01:00,email,London,25-34,English,25,beauty,56.46,7,1,Item arrived damaged,"Hello, the box was crushed and the item is broken. The order value is about GBP 56.46. Thank you. !!!",damaged_item,medium,negative,1,IMG_DAMAGED_0026,0,33.29,0,0.0,3.1,0,resolved_within_7d,resolved_standard
TKT000000027,CUST0192712,ORD00001027,2025-11-22T02:28,web_chat,South East,25-34,English,20,electronics,537.68,9,2,Product is broken,Please help - there is visible damage. The order value is about GBP 537.68. Please get back to me.,damaged_item,high,negative,1,IMG_DAMAGED_0027,1,27.41,0,0.0,2.9,0,resolved_within_7d,specialist_escalation
TKT000000028,CUST0080379,ORD00001028,2025-12-06T03:09,email,Wales,45-54,English,12,home,110.88,1,1,Product is broken,"Support team, the item arrived cracked. The order value is about GBP 110.88. Thanks. ...",damaged_item,medium,positive,1,IMG_DAMAGED_0028,0,16.67,1,94.74,3.7,0,resolved_within_7d,refund_or_return_completed
TKT000000029,CUST0164459,ORD00001029,2025-10-14T08:08,web_chat,Scotland,55-64,Romanian,23,sports,121.67,1,4,Damage on arrival,"Hi, the item arrived cracked. The order value is about GBP 121.67. Can you confirm the next step? ASAP",damaged_item,medium,positive,1,IMG_DAMAGED_0029,1,26.4,0,0.0,2.5,0,resolved_within_7d,specialist_escalation
TKT000000030,CUST0109040,ORD00001030,2025-10-03T21:20,email,Wales,55-64,English,6,toys,83.42,7,1,Item arrived damaged,"Support team, the item arrived cracked. The order value is about GBP 83.42. Please get back to me. #help",damaged_item,medium,negative,1,IMG_DAMAGED_0030,0,21.04,0,0.0,3.4,0,resolved_within_7d,resolved_standard
TKT000000031,CUST0115654,ORD00001031,2025-12-24T22:00,web_chat,West Midlands,18-24,English,19,sports,112.53,1,1,Damage on arrival,"Hi, there is visible damage. The order value is about GBP 112.53. Please advise. sent from mobile",damaged_item,high,neutral,1,IMG_DAMAGED_0031,0,9.56,0,0.0,4.8,0,resolved_within_7d,resolved_standard
TKT000000032,CUST0077373,ORD00001032,2025-05-18T23:28,web_chat,London,35-44,Polish,19,appliances,168.42,2,1,Damage on arrival,"Support team, the item arrived cracked. The order value is about GBP 168.42. Thank you. thx",damaged_item,low,neutral,1,IMG_DAMAGED_0032,0,26.28,1,100.31,2.8,0,resolved_within_7d,refund_or_return_completed
TKT000000033,CUST0053097,ORD00001033,2025-04-09T14:34,mobile_app,Yorkshire,55-64,English,14,electronics,462.01,0,1,Damage on arrival,Please help - the product is damaged. The order value is about GBP 462.01. I need this resolved soon. ASAP,damaged_item,low,positive,1,IMG_DAMAGED_0033,1,30.52,0,0.0,2.9,0,resolved_within_7d,specialist_escalation
TKT000000034,CUST0093551,ORD00001034,2025-03-19T22:11,mobile_app,West Midlands,65+,English,11,grocery,108.02,3,0,Item arrived damaged,Can someone check this? the product is damaged. The order value is about GBP 108.02. I need this resolved soon. #help,damaged_item,medium,neutral,1,IMG_DAMAGED_0034,0,21.15,0,0.0,3.5,0,resolved_within_7d,resolved_standard
TKT000000035,CUST0111591,ORD00001035,2025-05-25T04:54,phone,South East,45-54,English,48,home,113.41,1,4,Item arrived damaged,Can someone check this? there is visible damage. The order value is about GBP 113.41. Thanks.,damaged_item,medium,neutral,1,IMG_DAMAGED_0035,0,28.21,0,0.0,3.5,0,resolved_within_7d,resolved_standard
TKT000000036,CUST0166958,ORD00001036,2025-01-28T05:56,email,East Midlands,55-64,English,20,electronics,127.68,12,1,Item arrived damaged,Please help - there is visible damage. The order value is about GBP 127.68. Thanks.,damaged_item,low,negative,1,IMG_DAMAGED_0036,1,49.23,1,91.76,1.5,0,resolved_within_7d,specialist_escalation
TKT000000037,CUST0058168,ORD00001037,2025-05-06T09:23,email,Wales,55-64,English,12,beauty,48.01,7,1,Item arrived damaged,"Hi, the box was crushed and the item is broken. The order value is about GBP 48.01. Please advise. !!!",damaged_item,medium,negative,1,IMG_DAMAGED_0037,0,39.68,0,0.0,,0,resolved_within_7d,resolved_standard
TKT000000038,CUST0148107,ORD00001038,2025-06-07T06:44,web_chat,Wales,55-64,English,82,grocery,70.79,2,1,Item arrived damaged,"support team, there is visible damage. the order value is about gbp 70.79. thanks. asap",damaged_item,medium,neutral,1,IMG_DAMAGED_0038,1,22.72,1,51.51,3.2,0,resolved_within_7d,specialist_escalation
TKT000000039,CUST0055103,ORD00001039,2025-12-24T01:10,mobile_app,,45-54,English,46,fashion,58.24,1,2,Damage on arrival,"Support team, the item arrived cracked. The order value is about GBP 58.24. Thank you. sent from mobile",damaged_item,medium,neutral,1,IMG_DAMAGED_0039,0,9.64,0,0.0,4.0,0,resolved_within_7d,resolved_standard
TKT000000040,CUST0012755,ORD00001040,2025-09-08T17:08,web_chat,East Midlands,25-34,English,24,fashion,179.79,2,2,Damage on arrival,I need assistance because the box was crushed and the item is broken. The order value is about GBP 179.79. Thank you. thx,damaged_item,low,negative,1,IMG_DAMAGED_0040,1,33.03,1,160.4,2.4,0,resolved_within_7d,specialist_escalation
TKT000000041,CUST0030046,ORD00001041,2025-03-30T07:10,email,East Midlands,18-24,English,24,sports,171.42,0,1,Product is broken,"Hello, the product is damaged. The order value is about GBP 171.42. I need this resolved soon. pls",damaged_item,medium,positive,1,IMG_DAMAGED_0041,0,17.84,1,120.16,3.8,0,resolved_within_7d,refund_or_return_completed
TKT000000042,CUST0007820,ORD00001042,2025-05-28T13:23,web_chat,West Midlands,25-34,English,28,appliances,290.76,2,2,Product is broken,"Hi, the box was crushed and the item is broken. The order value is about GBP 290.76. Thank you. thx",damaged_item,low,negative,1,IMG_DAMAGED_0042,0,28.02,0,0.0,3.5,0,resolved_within_7d,resolved_standard
TKT000000043,CUST0017313,ORD00001043,2025-02-15T17:49,email,West Midlands,55-64,English,16,fashion,122.08,2,1,Product is broken,Please help - the box was crushed and the item is broken. The order value is about GBP 122.08. Can you confirm the next step?,damaged_item,low,neutral,1,IMG_DAMAGED_0043,1,25.75,0,0.0,3.3,0,resolved_within_7d,specialist_escalation
TKT000000044,CUST0199086,ORD00001044,2025-02-11T23:28,web_chat,London,25-34,English,26,electronics,129.03,1,3,Damage on arrival,Can someone check this? there is visible damage. The order value is about GBP 129.03. Please get back to me. #help,damaged_item,medium,positive,1,IMG_DAMAGED_0044,0,23.91,0,0.0,4.0,0,resolved_within_7d,resolved_standard
TKT000000045,CUST0102991,ORD00001045,2025-04-12T10:08,email,Wales,55-64,English,41,fashion,85.97,1,2,Product is broken,Can someone check this? the box was crushed and the item is broken. The order value is about GBP 85.97. Please advise. pls,damaged_item,low,negative,1,IMG_DAMAGED_0045,0,21.1,0,0.0,3.4,0,resolved_within_7d,resolved_standard
TKT000000046,CUST0179647,ORD00001046,2025-12-11T04:21,email,South West,25-34,English,19,fashion,111.32,0,1,Damage on arrival,"Hi, the box was crushed and the item is broken. The order value is about GBP 111.32. Thanks. ASAP",damaged_item,medium,negative,1,IMG_DAMAGED_0046,0,6.82,0,0.0,3.9,0,resolved_within_7d,resolved_standard
TKT000000047,CUST0128865,ORD00001047,2025-04-20T04:38,phone,London,35-44,English,33,home,91.85,1,0,Item arrived damaged,"Hi, the item arrived cracked. The order value is about GBP 91.85. Please advise. sent from mobile",damaged_item,medium,positive,1,IMG_DAMAGED_0047,0,34.91,1,82.96,3.0,0,resolved_within_7d,refund_or_return_completed
TKT000000048,CUST0093827,ORD00001048,2025-05-14T22:53,web_chat,Wales,25-34,English,29,home,447.98,1,2,Item arrived damaged,Please help - the product is damaged. The order value is about GBP 447.98. Please get back to me. thx,damaged_item,low,negative,1,IMG_DAMAGED_0048,0,28.85,1,326.01,2.7,0,resolved_within_7d,refund_or_return_completed
TKT000000049,CUST0188327,ORD00001049,2025-03-06T12:28,web_chat,Scotland,25-34,English,154,home,41.64,0,0,Item arrived damaged,"Hi, the box was crushed and the item is broken. The order value is about GBP 41.64. Can you confirm the next step? ...",damaged_item,medium,negative,1,IMG_DAMAGED_0049,0,26.56,0,0.0,3.1,0,resolved_within_7d,resolved_standard
TKT000000050,CUST0011121,ORD00001050,2025-04-28T20:58,web_chat,North West,35-44,English,6,fashion,130.49,1,3,Damage on arrival,Can someone check this? there is visible damage. The order value is about GBP 130.49. Please advise. #help,damaged_item,medium,positive,1,IMG_DAMAGED_0050,0,9.3,0,0.0,4.0,0,resolved_within_7d,resolved_standard
TKT000000051,CUST0084664,ORD00001051,2025-03-22T21:15,web_chat,,65+,English,8,fashion,107.14,1,0,Damage on arrival,I need assistance because there is visible damage. The order value is about GBP 107.14. Thank you. !!!,damaged_item,medium,positive,1,IMG_DAMAGED_0051,0,7.68,0,0.0,4.5,0,resolved_within_7d,resolved_standard
TKT000000052,CUST0030590,ORD00001052,2025-05-13T22:57,email,Yorkshire,25-34,English,19,fashion,170.61,3,2,Damage on arrival,Please help - the product is damaged. The order value is about GBP 170.61. Please advise.,damaged_item,medium,neutral,1,IMG_DAMAGED_0052,0,18.7,0,0.0,4.2,0,resolved_within_7d,resolved_standard
TKT000000053,CUST0134838,ORD00001053,2025-11-04T23:37,web_chat,Wales,45-54,English,63,sports,185.14,0,2,Item arrived damaged,"Hi, there is visible damage. The order value is about GBP 185.14. I need this resolved soon. sent from mobile",damaged_item,low,negative,1,IMG_DAMAGED_0053,0,22.94,1,170.59,3.6,0,resolved_within_7d,refund_or_return_completed
TKT000000054,CUST0184798,ORD00001054,2025-05-26T13:01,web_chat,London,65+,English,16,beauty,90.05,7,1,Damage on arrival,please help - the box was crushed and the item is broken. the order value is about gbp 90.05. thank you. pls,damaged_item,medium,negative,1,IMG_DAMAGED_0054,1,30.83,0,0.0,2.9,0,resolved_within_7d,specialist_escalation
TKT000000055,CUST0150895,ORD00001055,2025-09-07T11:53,web_chat,North West,55-64,Punjabi,42,electronics,645.99,2,1,Item arrived damaged,"HI, THE ITEM ARRIVED CRACKED. THE ORDER VALUE IS ABOUT GBP 645.99. PLEASE ADVISE. PLS",damaged_item,urgent,neutral,1,IMG_DAMAGED_0055,1,27.22,1,409.97,2.9,0,resolved_within_7d,specialist_escalation
TKT000000056,CUST0119597,ORD00001056,2025-09-18T02:18,mobile_app,South West,25-34,Romanian,47,home,28.17,10,1,Item arrived damaged,"Support team, the item arrived cracked. The order value is about GBP 28.17. Thank you. pls",damaged_item,medium,positive,1,IMG_DAMAGED_0056,0,24.89,0,0.0,4.1,0,resolved_within_7d,resolved_standard
TKT000000057,CUST0197126,ORD00001057,2025-01-02T14:40,web_chat,South East,35-44,English,34,appliances,269.83,2,1,Product is broken,I need assistance because the box was crushed and the item is broken. The order value is about GBP 269.83. Please advise. pls,damaged_item,medium,negative,1,IMG_DAMAGED_0057,0,20.22,0,0.0,3.2,0,resolved_within_7d,resolved_standard
TKT000000058,CUST0114486,ORD00001058,2025-08-14T02:17,email,Yorkshire,45-54,English,10,appliances,109.34,1,1,Item arrived damaged,"Support team, there is visible damage. The order value is about GBP 109.34. Please advise. thx",damaged_item,low,negative,1,IMG_DAMAGED_0058,0,20.17,1,78.76,4.2,0,resolved_within_7d,refund_or_return_completed
TKT000000059,CUST0121786,ORD00001059,2025-03-05T02:57,email,North West,55-64,English,25,beauty,90.82,6,2,Product is broken,Can someone check this? the box was crushed and the item is broken. The order value is about GBP 90.82. I need this resolved soon. ...,damaged_item,medium,negative,1,IMG_DAMAGED_0059,1,27.64,1,54.68,2.2,0,resolved_within_7d,specialist_escalation
TKT000000060,CUST0170809,ORD00001060,2025-07-25T09:12,web_chat,North West,25-34,English,31,appliances,293.63,2,2,Damage on arrival,"Support team, the product is damaged. The order value is about GBP 293.63. Please advise.",damaged_item,medium,neutral,1,IMG_DAMAGED_0060,0,25.95,0,0.0,3.5,0,resolved_within_7d,resolved_standard
TKT000000061,CUST0129957,ORD00001061,2025-12-15T22:26,mobile_app,South East,45-54,Punjabi,3,electronics,106.12,2,2,Damage on arrival,I need assistance because the box was crushed and the item is broken. The order value is about GBP 106.12. Please advise. ...,damaged_item,low,neutral,1,IMG_DAMAGED_0061,0,31.23,0,0.0,3.0,0,resolved_within_7d,resolved_standard
TKT000000062,CUST0170839,ORD00001062,2025-08-06T15:36,phone,South East,55-64,English,22,electronics,96.81,0,2,Damage on arrival,"Support team, the item arrived cracked. The order value is about GBP 96.81. Thanks. #help",damaged_item,medium,positive,1,IMG_DAMAGED_0062,0,26.54,0,0.0,3.4,0,resolved_within_7d,resolved_standard
TKT000000063,CUST0178529,ORD00001063,2025-08-03T15:23,mobile_app,,35-44,English,38,home,92.71,10,2,Product is broken,"Hi, there is visible damage. The order value is about GBP 92.71. Thank you. thx",damaged_item,low,negative,1,IMG_DAMAGED_0063,0,40.6,0,0.0,2.4,0,resolved_within_7d,resolved_standard
TKT000000064,CUST0084338,ORD00001064,2025-10-22T16:13,web_chat,South East,25-34,English,47,electronics,87.9,167,1,Damage on arrival,"Hello, the box was crushed and the item is broken. The order value is about GBP 87.90. I need this resolved soon. ...",damaged_item,medium,positive,1,IMG_DAMAGED_0064,0,26.76,1,65.91,3.2,0,resolved_within_7d,refund_or_return_completed
TKT000000065,CUST0034353,ORD00001065,2025-05-20T14:27,mobile_app,West Midlands,18-24,English,40,sports,64.83,1,2,Item arrived damaged,"Hi, the box was crushed and the item is broken. The order value is about GBP 64.83. I need this resolved soon. ASAP",damaged_item,high,neutral,1,IMG_DAMAGED_0065,0,39.1,1,61.37,3.2,0,resolved_within_7d,refund_or_return_completed
TKT000000066,CUST0067472,ORD00001066,2025-07-01T22:16,mobile_app,East Midlands,55-64,English,11,appliances,277.86,0,2,Item arrived damaged,I need assistance because the box was crushed and the item is broken. The order value is about GBP 277.86. Please advise. !!!,damaged_item,high,neutral,1,IMG_DAMAGED_0066,0,29.97,1,247.41,3.3,0,resolved_within_7d,refund_or_return_completed
TKT000000067,CUST0055940,ORD00001067,2025-04-20T12:02,web_chat,Northern Ireland,35-44,English,28,toys,153.76,0,2,Product is broken,Please help - the product is damaged. The order value is about GBP 153.76. Thanks. ...,damaged_item,high,positive,1,IMG_DAMAGED_0067,0,25.49,0,0.0,3.6,0,resolved_within_7d,resolved_standard
TKT000000068,CUST0077664,ORD00001068,2025-04-03T10:56,mobile_app,South West,25-34,English,95,beauty,148.87,0,2,Item arrived damaged,Can someone check this? the product is damaged. The order value is about GBP 148.87. Thanks. !!!,damaged_item,medium,positive,1,IMG_DAMAGED_0068,0,20.81,0,0.0,3.8,0,resolved_within_7d,resolved_standard
TKT000000069,CUST0007510,ORD00001069,2025-02-13T00:51,mobile_app,North West,45-54,English,61,fashion,30.4,1,3,Item arrived damaged,"Hi, there is visible damage. The order value is about GBP 30.40. Can you confirm the next step?",damaged_item,low,neutral,1,IMG_DAMAGED_0069,0,19.16,1,27.04,4.2,0,resolved_within_7d,refund_or_return_completed
TKT000000070,CUST0174798,ORD00001070,2025-05-16T18:26,email,South East,55-64,English,62,electronics,140.31,3,2,Item arrived damaged,Can someone check this? the product is damaged. The order value is about GBP 140.31. Please get back to me. pls,damaged_item,medium,negative,1,IMG_DAMAGED_0070,0,12.05,0,0.0,3.3,0,resolved_within_7d,resolved_standard
TKT000000071,CUST0116909,ORD00001071,2025-04-12T19:41,web_chat,South East,45-54,English,33,fashion,219.49,1,1,Product is broken,Can someone check this? the item arrived cracked. The order value is about GBP 219.49. Can you confirm the next step? ...,damaged_item,medium,negative,1,IMG_DAMAGED_0071,0,25.14,0,0.0,3.1,0,resolved_within_7d,resolved_standard
TKT000000072,CUST0126489,ORD00001072,2025-06-25T02:35,email,South East,45-54,English,21,fashion,70.57,1,2,Product is broken,Please help - the product is damaged. The order value is about GBP 70.57. Thanks. sent from mobile,damaged_item,medium,neutral,1,IMG_DAMAGED_0072,0,21.83,1,40.81,4.1,0,resolved_within_7d,refund_or_return_completed
TKT000000073,CUST0133726,ORD00001073,2025-01-19T11:37,mobile_app,London,65+,English,44,grocery,60.53,1,0,Product is broken,"Hello, the item arrived cracked. The order value is about GBP 60.53. Thank you. ...",damaged_item,medium,neutral,1,IMG_DAMAGED_0073,0,24.57,0,0.0,3.9,0,resolved_within_7d,resolved_standard
TKT000000074,CUST0191220,ORD00001074,2025-12-06T11:38,phone,London,45-54,English,19,electronics,648.88,1,2,Item arrived damaged,"Hello, the item arrived cracked. The order value is about GBP 648.88. Can you confirm the next step? pls",damaged_item,high,neutral,1,IMG_DAMAGED_0074,1,28.46,0,0.0,3.8,0,resolved_within_7d,specialist_escalation
TKT000000075,CUST0181408,ORD00001075,2025-09-12T22:05,mobile_app,North West,55-64,English,59,electronics,391.86,1,1,Product is broken,"Support team, the item arrived cracked. The order value is about GBP 391.86. Please advise. #help",damaged_item,high,negative,1,IMG_DAMAGED_0075,1,25.71,1,368.02,3.2,0,resolved_within_7d,specialist_escalation
TKT000000076,CUST0066354,ORD00001076,2025-10-14T21:05,web_chat,West Midlands,25-34,Polish,46,electronics,491.74,1,0,Item arrived damaged,"Hi, the item arrived cracked. The order value is about GBP 491.74. Thanks.",damaged_item,medium,negative,1,IMG_DAMAGED_0076,0,19.9,0,0.0,3.0,0,resolved_within_7d,resolved_standard
TKT000000077,CUST0199529,ORD00001077,2025-11-19T21:58,email,London,35-44,English,7,electronics,399.52,3,1,Product is broken,Please help - the box was crushed and the item is broken. The order value is about GBP 399.52. I need this resolved soon. !!!,damaged_item,medium,neutral,1,IMG_DAMAGED_0077,0,28.72,0,0.0,3.5,0,resolved_within_7d,resolved_standard
TKT000000078,CUST0094153,ORD00001078,2025-07-02T19:49,email,Wales,25-34,English,77,home,66.88,2,2,Item arrived damaged,Can someone check this? the item arrived cracked. The order value is about GBP 66.88. Thank you.,damaged_item,medium,positive,1,IMG_DAMAGED_0078,0,20.73,1,63.37,3.5,0,resolved_within_7d,refund_or_return_completed
TKT000000079,CUST0027174,ORD00001079,2025-10-14T20:40,email,West Midlands,25-34,English,44,fashion,85.47,1,0,Product is broken,I need assistance because there is visible damage. The order value is about GBP 85.47. Please advise. #help,damaged_item,medium,positive,1,IMG_DAMAGED_0079,0,22.69,0,0.0,3.5,0,resolved_within_7d,resolved_standard
TKT000000080,CUST0106554,ORD00001080,2025-07-18T08:28,mobile_app,London,45-54,English,18,sports,19.35,1,2,Product is broken,"Support team, the item arrived cracked. The order value is about GBP 19.35. Can you confirm the next step? !!!",damaged_item,medium,negative,1,IMG_DAMAGED_0080,1,15.18,0,0.0,3.0,0,resolved_within_7d,specialist_escalation
TKT000000081,CUST0090909,ORD00001081,2025-07-20T06:49,web_chat,West Midlands,45-54,English,38,home,88.78,0,3,Item arrived damaged,I need assistance because the item arrived cracked. The order value is about GBP 88.78. Thanks. ...,damaged_item,urgent,negative,1,IMG_DAMAGED_0081,0,18.45,1,86.9,3.6,0,resolved_within_7d,refund_or_return_completed
TKT000000082,CUST0193812,ORD00001082,2025-07-28T23:25,email,North West,35-44,English,23,appliances,334.58,1,2,Item arrived damaged,Please help - the product is damaged. The order value is about GBP 334.58. I need this resolved soon. thx,damaged_item,medium,negative,1,IMG_DAMAGED_0082,0,16.02,1,262.64,,0,resolved_within_7d,refund_or_return_completed
TKT000000083,CUST0185796,ORD00001083,2025-04-21T03:31,email,London,55-64,English,37,toys,169.42,6,2,Damage on arrival,Can someone check this? the box was crushed and the item is broken. The order value is about GBP 169.42. I need this resolved soon. !!!,damaged_item,urgent,negative,1,IMG_DAMAGED_0083,1,40.07,0,0.0,2.6,0,resolved_within_7d,specialist_escalation
TKT000000084,CUST0075878,ORD00001084,2025-03-08T05:58,phone,South East,55-64,English,19,sports,69.53,2,0,Damage on arrival,"Hi, the box was crushed and the item is broken. The order value is about GBP 69.53. Can you confirm the next step? pls",damaged_item,medium,neutral,1,IMG_DAMAGED_0084,0,9.27,0,0.0,4.6,0,resolved_within_7d,resolved_standard
TKT000000085,CUST0003084,ORD00001085,2025-12-17T09:22,web_chat,West Midlands,35-44,English,39,fashion,110.29,2,1,Damage on arrival,"Hello, the product is damaged. The order value is about GBP 110.29. Please advise. #help",damaged_item,medium,negative,1,IMG_DAMAGED_0085,0,8.17,0,0.0,3.2,0,resolved_within_7d,resolved_standard
TKT000000086,CUST0077772,ORD00001086,2025-08-31T13:04,email,North West,18-24,English,17,sports,218.79,2,4,Damage on arrival,Please help - the box was crushed and the item is broken. The order value is about GBP 218.79. Please advise. thx,damaged_item,medium,positive,1,IMG_DAMAGED_0086,0,18.74,1,213.74,4.1,0,resolved_within_7d,refund_or_return_completed
TKT000000087,CUST0078428,ORD00001087,2025-09-06T13:04,web_chat,North West,35-44,English,16,toys,106.57,10,2,Product is broken,Please help - the product is damaged. The order value is about GBP 106.57. Please advise. pls,damaged_item,medium,negative,1,IMG_DAMAGED_0087,0,23.25,0,0.0,2.6,0,resolved_within_7d,resolved_standard
TKT000000088,CUST0083675,ORD00001088,2025-12-18T06:50,web_chat,West Midlands,18-24,English,47,electronics,681.3,1,3,Damage on arrival,"Hi, the product is damaged. The order value is about GBP 681.30. Thanks. pls",damaged_item,low,negative,1,IMG_DAMAGED_0088,1,30.72,0,0.0,2.5,0,resolved_within_7d,specialist_escalation
TKT000000089,CUST0027685,ORD00001089,2025-06-04T13:02,mobile_app,London,25-34,English,64,sports,117.07,0,6,Item arrived damaged,"HI, THE PRODUCT IS DAMAGED. THE ORDER VALUE IS ABOUT GBP 117.07. CAN YOU CONFIRM THE NEXT STEP? ...",damaged_item,low,negative,1,IMG_DAMAGED_0089,1,18.51,0,0.0,3.2,0,resolved_within_7d,specialist_escalation
TKT000000090,CUST0006817,ORD00001090,2025-01-12T04:19,web_chat,Wales,25-34,English,24,fashion,40.0,1,1,Damage on arrival,I need assistance because the item arrived cracked. The order value is about GBP 40.00. Please get back to me. sent from mobile,damaged_item,medium,neutral,1,IMG_DAMAGED_0090,0,15.89,0,0.0,3.8,0,resolved_within_7d,resolved_standard
TKT000000091,CUST0093624,ORD00001091,2025-03-20T22:05,email,Scotland,45-54,Urdu,17,toys,209.04,1,2,Damage on arrival,"Support team, there is visible damage. The order value is about GBP 209.04. Please get back to me. ASAP",damaged_item,low,negative,1,IMG_DAMAGED_0091,1,34.95,0,0.0,2.8,0,resolved_within_7d,specialist_escalation
TKT000000092,CUST0004242,ORD00001092,2025-11-24T04:19,web_chat,London,18-24,English,74,home,70.76,1,1,Product is broken,I need assistance because the item arrived cracked. The order value is about GBP 70.76. Please get back to me. pls,damaged_item,medium,neutral,1,IMG_DAMAGED_0092,0,23.27,0,0.0,3.8,0,resolved_within_7d,resolved_standard
TKT000000093,CUST0163410,ORD00001093,2025-04-04T11:30,mobile_app,North West,18-24,English,17,beauty,75.61,3,2,Product is broken,Please help - the item arrived cracked. The order value is about GBP 75.61. Thank you. #help,damaged_item,low,negative,1,IMG_DAMAGED_0093,0,26.84,1,64.15,2.8,0,resolved_within_7d,refund_or_return_completed
TKT000000094,CUST0129871,ORD00001094,2025-04-23T08:40,mobile_app,London,25-34,English,24,beauty,213.28,1,2,Damage on arrival,Please help - the item arrived cracked. The order value is about GBP 213.28. Thank you. #help,damaged_item,medium,neutral,1,IMG_DAMAGED_0094,0,9.15,0,0.0,4.1,0,resolved_within_7d,resolved_standard
TKT000000095,CUST0105892,ORD00001095,2025-02-27T06:23,email,South East,25-34,English,48,grocery,72.0,2,2,Product is broken,"Hello, there is visible damage. The order value is about GBP 72.00. Please advise. ASAP",damaged_item,medium,neutral,1,IMG_DAMAGED_0095,0,25.48,0,0.0,2.9,0,resolved_within_7d,resolved_standard
TKT000000096,CUST0123003,ORD00001096,2025-10-30T04:08,email,South West,55-64,English,88,toys,23.92,1,1,Product is broken,"Support team, the box was crushed and the item is broken. The order value is about GBP 23.92. Please advise. ...",damaged_item,low,negative,1,IMG_DAMAGED_0096,0,13.37,0,0.0,,1,resolved_within_7d,resolved_standard
TKT000000097,CUST0110762,ORD00001097,2025-08-03T20:46,web_chat,South East,35-44,English,16,electronics,192.01,1,1,Damage on arrival,Please help - the item arrived cracked. The order value is about GBP 192.01. Please get back to me. sent from mobile,damaged_item,medium,negative,1,IMG_DAMAGED_0097,1,22.8,1,168.15,3.5,0,resolved_within_7d,specialist_escalation
TKT000000098,CUST0079461,ORD00001098,2025-05-15T12:48,email,Scotland,35-44,English,42,fashion,59.43,11,0,Item arrived damaged,"Hello, there is visible damage. The order value is about GBP 59.43. Please get back to me. #help",damaged_item,low,negative,1,IMG_DAMAGED_0098,1,36.0,0,0.0,2.3,0,resolved_within_7d,specialist_escalation
TKT000000099,CUST0098375,ORD00001099,2025-09-26T14:13,email,London,25-34,English,50,grocery,89.41,0,0,Item arrived damaged,"Support team, the product is damaged. The order value is about GBP 89.41. Please advise. #help",damaged_item,medium,neutral,1,IMG_DAMAGED_0099,0,20.41,1,63.04,3.8,0,resolved_within_7d,refund_or_return_completed
TKT000000100,CUST0089146,ORD00001100,2025-11-25T05:12,email,Wales,18-24,English,29,fashion,54.52,1,1,Item arrived damaged,"Hi, the product is damaged. The order value is about GBP 54.52. Thanks.",damaged_item,low,positive,1,IMG_DAMAGED_0100,0,21.34,0,0.0,4.3,0,resolved_within_7d,resolved_standard
TKT000000101,CUST0137064,ORD00001101,2025-07-15T00:16,email,Scotland,18-24,English,14,fashion,48.21,0,3,Product is broken,Please help - the box was crushed and the item is broken. The order value is about GBP 48.21. Thank you. ASAP,damaged_item,medium,neutral,1,IMG_DAMAGED_0101,1,27.65,0,0.0,3.0,0,resolved_within_7d,specialist_escalation
TKT000000102,CUST0116449,ORD00001102,2025-12-23T16:19,web_chat,London,45-54,English,105,grocery,54.33,0,3,Product is broken,Can someone check this? there is visible damage. The order value is about GBP 54.33. Please advise. !!!,damaged_item,medium,neutral,1,IMG_DAMAGED_0102,1,22.2,1,36.75,3.7,0,resolved_within_7d,specialist_escalation
TKT000000103,CUST0057623,ORD00001103,2025-01-08T00:31,web_chat,London,55-64,English,35,home,290.87,8,2,Item arrived damaged,"Support team, there is visible damage. The order value is about GBP 290.87. Thanks. #help",damaged_item,medium,negative,1,IMG_DAMAGED_0103,1,32.16,0,0.0,2.9,0,resolved_within_7d,specialist_escalation
TKT000000104,CUST0003099,ORD00001104,2025-12-24T11:14,web_chat,London,18-24,English,53,sports,97.74,2,1,Damage on arrival,"Hello, the product is damaged. The order value is about GBP 97.74. Thank you. ...",damaged_item,medium,neutral,1,IMG_DAMAGED_0104,0,15.24,0,0.0,4.4,0,resolved_within_7d,resolved_standard
TKT000000105,CUST0157416,ORD00001105,2025-11-27T01:29,web_chat,South East,25-34,English,66,fashion,411.38,3,4,Product is broken,,damaged_item,medium,positive,1,IMG_DAMAGED_0105,1,26.5,1,239.07,3.4,0,resolved_within_7d,specialist_escalation
TKT000000106,CUST0020881,ORD00001106,2025-11-21T23:35,web_chat,London,45-54,English,27,toys,60.42,3,0,Item arrived damaged,"Support team, the box was crushed and the item is broken. The order value is about GBP 60.42. I need this resolved soon. #help",damaged_item,medium,neutral,1,IMG_DAMAGED_0106,0,23.26,1,42.72,3.6,0,resolved_within_7d,refund_or_return_completed
TKT000000107,CUST0138958,ORD00001107,2025-09-17T06:04,web_chat,South East,35-44,English,15,electronics,182.97,0,2,Product is broken,Please help - the box was crushed and the item is broken. The order value is about GBP 182.97. Please get back to me. !!!,damaged_item,medium,neutral,1,IMG_DAMAGED_0107,0,8.17,0,0.0,4.4,0,resolved_within_7d,resolved_standard
TKT000000108,CUST0145399,ORD00001108,2025-09-29T23:29,web_chat,London,25-34,English,8,appliances,133.37,1,0,Item arrived damaged,Please help - the box was crushed and the item is broken. The order value is about GBP 133.37. I need this resolved soon. pls,damaged_item,medium,neutral,1,IMG_DAMAGED_0108,1,27.13,0,0.0,2.8,0,resolved_within_7d,specialist_escalation
TKT000000109,CUST0074485,ORD00001109,2025-01-13T07:50,web_chat,Wales,55-64,English,95,toys,178.41,2,2,Damage on arrival,"Hi, the item arrived cracked. The order value is about GBP 178.41. Can you confirm the next step? ASAP",damaged_item,medium,neutral,1,IMG_DAMAGED_0109,1,20.58,0,0.0,3.2,0,resolved_within_7d,specialist_escalation
TKT000000110,CUST0038031,ORD00001110,2025-06-08T17:54,email,West Midlands,35-44,English,13,home,51.72,0,1,Product is broken,"Hello, the item arrived cracked. The order value is about GBP 51.72. Thank you. #help",damaged_item,medium,negative,1,IMG_DAMAGED_0110,0,28.31,0,0.0,2.5,0,resolved_within_7d,resolved_standard
TKT000000111,CUST0037638,ORD00001111,2025-02-17T16:29,email,North West,55-64,English,98,electronics,104.85,0,0,Item arrived damaged,"hi, the product is damaged. the order value is about gbp 104.85. thanks. sent from mobile",damaged_item,medium,negative,1,IMG_DAMAGED_0111,0,17.9,0,0.0,3.3,0,resolved_within_7d,resolved_standard
TKT000000112,CUST0019655,ORD00001112,2025-06-17T17:32,web_chat,South East,35-44,English,39,sports,197.95,2,4,Product is broken,"Hi, the box was crushed and the item is broken. The order value is about GBP 197.95. Can you confirm the next step? thx",damaged_item,medium,neutral,1,IMG_DAMAGED_0112,0,27.53,0,0.0,3.5,0,resolved_within_7d,resolved_standard
TKT000000113,CUST0131536,ORD00001113,2025-06-23T23:43,web_chat,South East,35-44,English,30,home,78.4,1,1,Item arrived damaged,can someone check this? the box was crushed and the item is broken. the order value is about gbp 78.40. can you confirm the next step? thx,damaged_item,low,neutral,1,IMG_DAMAGED_0113,0,24.68,0,0.0,3.9,0,resolved_within_7d,resolved_standard
TKT000000114,CUST0111514,ORD00001114,2025-12-09T00:30,phone,East Midlands,35-44,Romanian,4,grocery,59.94,1,1,Damage on arrival,Please help - there is visible damage. The order value is about GBP 59.94. Thanks. sent from mobile,damaged_item,high,positive,1,IMG_DAMAGED_0114,0,28.7,0,0.0,2.8,0,resolved_within_7d,resolved_standard
TKT000000115,CUST0186071,ORD00001115,2025-11-14T00:45,web_chat,Yorkshire,18-24,English,36,sports,18.34,3,1,Item arrived damaged,"Hi, the product is damaged. The order value is about GBP 18.34. I need this resolved soon. thx",damaged_item,medium,negative,1,IMG_DAMAGED_0115,0,17.98,1,13.33,4.2,0,resolved_within_7d,refund_or_return_completed
TKT000000116,CUST0141582,ORD00001116,2025-04-05T07:37,web_chat,Wales,65+,English,18,appliances,107.38,8,2,Damage on arrival,"Hello, the box was crushed and the item is broken. The order value is about GBP 107.38. Thanks. !!!",damaged_item,high,negative,1,IMG_DAMAGED_0116,1,32.76,0,0.0,2.6,0,resolved_within_7d,specialist_escalation
TKT000000117,CUST0071951,ORD00001117,2025-03-05T10:12,email,Yorkshire,55-64,English,88,beauty,28.8,5,3,Product is broken,Can someone check this? there is visible damage. The order value is about GBP 28.80. Can you confirm the next step? !!!,damaged_item,high,neutral,1,IMG_DAMAGED_0117,0,19.99,0,0.0,3.5,0,resolved_within_7d,resolved_standard
TKT000000118,CUST0146280,ORD00001118,2025-01-18T11:25,web_chat,Yorkshire,45-54,English,51,sports,96.57,7,2,Product is broken,Please help - the product is damaged. The order value is about GBP 96.57. Please get back to me. !!!,damaged_item,medium,neutral,1,IMG_DAMAGED_0118,0,29.41,0,0.0,3.3,0,resolved_within_7d,resolved_standard
TKT000000119,CUST0067005,ORD00001119,2025-03-04T07:57,web_chat,Wales,45-54,Polish,37,grocery,55.46,1,1,Damage on arrival,Please help - the box was crushed and the item is broken. The order value is about GBP 55.46. Thank you. ASAP,damaged_item,high,neutral,1,IMG_DAMAGED_0119,0,16.78,1,45.73,3.7,0,resolved_within_7d,refund_or_return_completed
TKT000000120,CUST0041982,ORD00001120,2025-01-27T00:33,email,North West,35-44,Urdu,17,toys,71.48,3,1,Product is broken,"Support team, there is visible damage. The order value is about GBP 71.48. I need this resolved soon. ASAP",damaged_item,medium,negative,1,IMG_DAMAGED_0120,0,21.32,0,0.0,3.8,1,resolved_within_7d,resolved_standard
TKT000000121,CUST0195437,ORD00001121,2025-10-17T19:31,mobile_app,North West,35-44,English,1,sports,33.0,1,4,This is not what I ordered,Can someone check this? I received the wrong colour or model. The order value is about GBP 33.00. Thanks. pls,wrong_item,medium,negative,1,IMG_WRONG_ITEM_0001,0,38.3,0,0.0,2.0,0,resolved_within_7d,resolved_standard
TKT000000122,CUST0121384,ORD00001122,2025-04-10T23:35,web_chat,West Midlands,55-64,English,44,grocery,43.6,1,1,This is not what I ordered,Can someone check this? this is the incorrect item. The order value is about GBP 43.60. Thank you. pls,wrong_item,low,negative,1,IMG_WRONG_ITEM_0002,0,31.87,1,41.5,3.1,0,resolved_within_7d,refund_or_return_completed
TKT000000123,CUST0192634,ORD00001123,2025-09-25T14:53,web_chat,London,25-34,English,13,electronics,178.46,3,1,Incorrect product received,"Hi, the item in the box is not what I ordered. The order value is about GBP 178.46. Can you confirm the next step? ...",wrong_item,medium,positive,1,IMG_WRONG_ITEM_0003,0,8.74,0,0.0,3.9,0,resolved_within_7d,resolved_standard
TKT000000124,CUST0179878,ORD00001124,2025-08-30T12:32,email,South West,35-44,English,46,electronics,118.66,3,2,This is not what I ordered,I need assistance because this is the incorrect item. The order value is about GBP 118.66. Please get back to me. #help,wrong_item,high,negative,1,IMG_WRONG_ITEM_0004,0,27.88,1,79.52,3.5,0,resolved_within_7d,refund_or_return_completed
TKT000000125,CUST0029987,ORD00001125,2025-03-06T12:26,email,London,45-54,English,7,Electronics,89.56,4,0,This is not what I ordered,"Hi, this is the incorrect item. The order value is about GBP 89.56. I need this resolved soon. !!!",wrong_item,low,negative,1,IMG_WRONG_ITEM_0005,0,20.89,1,75.5,3.6,0,resolved_within_7d,refund_or_return_completed
TKT000000126,CUST0137830,ORD00001126,2025-01-08T20:56,web_chat,South East,65+,English,3,fashion,42.22,2,1,Incorrect product received,Can someone check this? the item in the box is not what I ordered. The order value is about GBP 42.22. Thanks. sent from mobile,wrong_item,low,neutral,1,IMG_WRONG_ITEM_0006,0,22.13,1,39.2,3.3,0,resolved_within_7d,refund_or_return_completed
TKT000000127,CUST0167689,ORD00001127,2025-09-27T07:13,web_chat,London,35-44,English,14,fashion,50.27,0,2,Incorrect product received,Please help - you sent a different product. The order value is about GBP 50.27. Please advise.,wrong_item,medium,neutral,1,IMG_WRONG_ITEM_0007,0,15.98,0,0.0,4.3,0,resolved_within_7d,resolved_standard
TKT000000128,CUST0085874,ORD00001128,2025-07-30T04:17,web_chat,East Midlands,45-54,English,7,home,153.36,2,3,This is not what I ordered,Please help - you sent a different product. The order value is about GBP 153.36. Thank you. ASAP,wrong_item,medium,negative,1,IMG_WRONG_ITEM_0008,1,35.5,1,136.74,1.9,0,resolved_within_7d,specialist_escalation
TKT000000129,CUST0086399,ORD00001129,2025-09-17T15:31,web_chat,South East,25-34,English,18,electronics,88.79,0,2,Incorrect product received,Can someone check this? I received the wrong colour or model. The order value is about GBP 88.79. Please advise. ...,wrong_item,medium,positive,1,IMG_WRONG_ITEM_0009,0,17.2,0,0.0,3.5,0,resolved_within_7d,resolved_standard
TKT000000130,CUST0105770,ORD00001130,2025-05-27T13:31,web_chat,Scotland,65+,English,41,electronics,221.87,0,0,Wrong item delivered,"HI, THE ITEM IN THE BOX IS NOT WHAT I ORDERED. THE ORDER VALUE IS ABOUT GBP 221.87. THANK YOU. ASAP",wrong_item,low,neutral,1,IMG_WRONG_ITEM_0010,0,22.44,0,0.0,3.9,0,resolved_within_7d,resolved_standard
TKT000000131,CUST0076416,ORD00001131,2025-01-02T18:10,web_chat,South East,45-54,English,26,sports,99.29,7,4,Incorrect product received,Please help - this is the incorrect item. The order value is about GBP 99.29. I need this resolved soon.,wrong_item,medium,neutral,1,IMG_WRONG_ITEM_0011,0,26.53,0,0.0,3.8,0,resolved_within_7d,resolved_standard
TKT000000132,CUST0168818,ORD00001132,2025-05-21T23:21,web_chat,South East,35-44,English,40,appliances,640.74,2,2,Wrong item delivered,"Support team, the item in the box is not what I ordered. The order value is about GBP 640.74. Thank you. !!!",wrong_item,high,negative,1,IMG_WRONG_ITEM_0012,1,22.38,1,450.24,2.6,0,resolved_within_7d,specialist_escalation
TKT000000133,CUST0150028,ORD00001133,2025-10-17T01:51,web_chat,Scotland,55-64,English,43,electronics,119.35,1,2,Wrong item delivered,Please help - this is the incorrect item. The order value is about GBP 119.35. Please advise. ...,wrong_item,medium,negative,1,IMG_WRONG_ITEM_0013,1,26.65,1,70.66,,0,resolved_within_7d,specialist_escalation
TKT000000134,CUST0063123,ORD00001134,2025-10-01T18:36,web_chat,London,65+,English,67,grocery,48.2,9,2,Wrong item delivered,Can someone check this? you sent a different product. The order value is about GBP 48.20. Please advise. #help,wrong_item,medium,negative,1,IMG_WRONG_ITEM_0014,1,36.19,0,0.0,2.1,0,resolved_within_7d,specialist_escalation
TKT000000135,CUST0040188,ORD00001135,2025-04-03T14:35,email,North West,45-54,English,26,electronics,71.48,0,2,Incorrect product received,I need assistance because you sent a different product. The order value is about GBP 71.48. Thank you. thx,wrong_item,low,negative,1,IMG_WRONG_ITEM_0015,0,28.13,1,62.11,3.1,0,resolved_within_7d,refund_or_return_completed
TKT000000136,CUST0096595,ORD00001136,2025-10-19T03:37,email,South East,25-34,English,33,electronics,582.53,7,4,Incorrect product received,"Support team, the item in the box is not what I ordered. The order value is about GBP 582.53. Thanks.",wrong_item,medium,neutral,1,IMG_WRONG_ITEM_0016,1,33.18,0,0.0,3.4,0,resolved_within_7d,specialist_escalation
TKT000000137,CUST0077073,ORD00001137,2025-10-15T05:20,web_chat,South East,45-54,English,21,fashion,110.45,2,2,This is not what I ordered,"Support team, the item in the box is not what I ordered. The order value is about GBP 110.45. Thank you.",wrong_item,medium,negative,1,IMG_WRONG_ITEM_0017,1,30.34,0,0.0,2.3,0,resolved_within_7d,specialist_escalation
TKT000000138,CUST0187874,ORD00001138,2025-11-26T19:20,email,South East,25-34,English,66,home,26.51,1,1,Wrong item delivered,Please help - the item in the box is not what I ordered. The order value is about GBP 26.51. I need this resolved soon. pls,wrong_item,medium,positive,1,IMG_WRONG_ITEM_0018,0,22.74,0,0.0,4.0,0,resolved_within_7d,resolved_standard
TKT000000139,CUST0174000,ORD00001139,2025-10-04T05:22,web_chat,Yorkshire,35-44,English,37,sports,47.46,6,0,Wrong item delivered,"Hello, I received the wrong colour or model. The order value is about GBP 47.46. Thank you. #help",wrong_item,low,positive,1,IMG_WRONG_ITEM_0019,0,21.39,0,0.0,3.8,1,resolved_within_7d,resolved_standard
TKT000000140,CUST0120524,ORD00001140,2025-01-31T20:20,web_chat,London,25-34,English,23,sports,302.87,1,0,This is not what I ordered,"Hello, the item in the box is not what I ordered. The order value is about GBP 302.87. Please get back to me. ASAP",wrong_item,medium,positive,1,IMG_WRONG_ITEM_0020,0,10.14,0,0.0,4.5,0,resolved_within_7d,resolved_standard
TKT000000141,CUST0055376,ORD00001141,2025-08-21T04:37,email,London,35-44,English,49,home,45.39,1,1,Incorrect product received,"Hi, the item in the box is not what I ordered. The order value is about GBP 45.39. Thanks. !!!",wrong_item,medium,negative,1,IMG_WRONG_ITEM_0021,1,21.42,1,37.93,,0,resolved_within_7d,specialist_escalation
TKT000000142,CUST0177245,ORD00001142,2025-12-11T02:16,web_chat,London,18-24,English,81,electronics,297.85,0,4,Incorrect product received,Can someone check this? you sent a different product. The order value is about GBP 297.85. Can you confirm the next step? ASAP,wrong_item,low,negative,1,IMG_WRONG_ITEM_0022,0,19.44,0,0.0,3.2,0,resolved_within_7d,resolved_standard
TKT000000143,CUST0100808,ORD00001143,2025-11-29T14:23,mobile_app,South West,35-44,English,21,sports,67.07,4,1,This is not what I ordered,"Hi, I received the wrong colour or model. The order value is about GBP 67.07. I need this resolved soon. pls",wrong_item,high,negative,1,IMG_WRONG_ITEM_0023,0,29.28,0,0.0,2.6,0,resolved_within_7d,resolved_standard
TKT000000144,CUST0063726,ORD00001144,2025-05-10T23:13,email,Northern Ireland,45-54,English,19,home,188.29,2,1,Incorrect product received,"Hi, you sent a different product. The order value is about GBP 188.29. I need this resolved soon.",wrong_item,low,negative,1,IMG_WRONG_ITEM_0024,0,16.8,0,0.0,3.5,0,resolved_within_7d,resolved_standard
TKT000000145,CUST0188832,ORD00001145,2025-10-01T20:22,mobile_app,Yorkshire,25-34,English,32,beauty,46.24,0,3,This is not what I ordered,"Hello, the item in the box is not what I ordered. The order value is about GBP 46.24. I need this resolved soon. thx",wrong_item,medium,neutral,1,IMG_WRONG_ITEM_0025,0,24.66,1,41.74,3.3,0,resolved_within_7d,refund_or_return_completed
TKT000000146,CUST0125025,ORD00001146,2025-11-25T01:29,email,Yorkshire,25-34,English,27,appliances,297.03,6,1,This is not what I ordered,"Hello, you sent a different product. The order value is about GBP 297.03. Thanks. !!!",wrong_item,medium,neutral,1,IMG_WRONG_ITEM_0026,0,21.63,0,0.0,3.4,0,resolved_within_7d,resolved_standard
TKT000000147,CUST0128582,ORD00001147,2025-09-24T16:21,web_chat,Wales,55-64,English,89,electronics,169.17,17,1,Incorrect product received,Can someone check this? the item in the box is not what I ordered. The order value is about GBP 169.17. Please advise. #help,wrong_item,medium,neutral,1,IMG_WRONG_ITEM_0027,0,52.96,0,0.0,2.6,0,resolved_within_7d,resolved_standard
TKT000000148,CUST0040114,ORD00001148,2025-02-17T06:43,mobile_app,West Midlands,25-34,English,80,home,74.66,1,3,This is not what I ordered,"Support team, the item in the box is not what I ordered. The order value is about GBP 74.66. Please get back to me.",wrong_item,medium,neutral,1,IMG_WRONG_ITEM_0028,0,18.28,0,0.0,,0,resolved_within_7d,resolved_standard
TKT000000149,CUST0124614,ORD00001149,2025-03-08T02:46,web_chat,South West,45-54,English,83,toys,18.86,1,4,Wrong item delivered,Please help - this is the incorrect item. The order value is about GBP 18.86. Thank you. !!!,wrong_item,medium,positive,1,IMG_WRONG_ITEM_0029,1,41.08,1,14.51,2.8,0,resolved_within_7d,specialist_escalation
TKT000000150,CUST0155344,ORD00001150,2025-04-02T16:01,mobile_app,East Midlands,55-64,English,78,home,58.02,10,2,Wrong item delivered,I need assistance because this is the incorrect item. The order value is about GBP 58.02. Please advise. #help,wrong_item,high,negative,1,IMG_WRONG_ITEM_0030,0,48.97,1,48.64,2.0,0,resolved_within_7d,refund_or_return_completed
TKT000000151,CUST0020198,ORD00001151,2025-04-19T04:16,email,West Midlands,18-24,English,71,appliances,313.88,9,1,Wrong item delivered,"Support team, this is the incorrect item. The order value is about GBP 313.88. I need this resolved soon. ...",wrong_item,medium,negative,1,IMG_WRONG_ITEM_0031,1,27.63,0,0.0,3.1,0,resolved_within_7d,specialist_escalation
TKT000000152,CUST0000852,ORD00001152,2025-01-17T04:46,email,West Midlands,65+,English,22,home,169.59,11,0,Incorrect product received,I need assistance because the item in the box is not what I ordered. The order value is about GBP 169.59. Can you confirm the next step? pls,wrong_item,medium,positive,1,IMG_WRONG_ITEM_0032,0,25.37,0,0.0,3.1,0,resolved_within_7d,resolved_standard
TKT000000153,CUST0128314,ORD00001153,2025-04-15T13:13,mobile_app,London,35-44,English,45,beauty,83.7,2,1,This is not what I ordered,Please help - this is the incorrect item. The order value is about GBP 83.70. Please advise. ...,wrong_item,medium,neutral,1,IMG_WRONG_ITEM_0033,0,32.75,0,0.0,3.3,0,resolved_within_7d,resolved_standard
TKT000000154,CUST0104968,ORD00001154,2025-09-01T07:23,phone,East Midlands,35-44,English,25,beauty,199.39,0,1,This is not what I ordered,I need assistance because you sent a different product. The order value is about GBP 199.39. Can you confirm the next step? ...,wrong_item,medium,negative,1,IMG_WRONG_ITEM_0034,0,20.05,0,0.0,2.7,0,resolved_within_7d,resolved_standard
TKT000000155,CUST0146294,ORD00001155,2025-11-17T00:40,mobile_app,London,35-44,Urdu,42,grocery,25.39,0,3,Incorrect product received,"Support team, you sent a different product. The order value is about GBP 25.39. I need this resolved soon. thx",wrong_item,medium,positive,1,IMG_WRONG_ITEM_0035,0,25.65,1,17.37,3.9,0,resolved_within_7d,refund_or_return_completed
TKT000000156,CUST0129775,ORD00001156,2025-01-30T20:04,web_chat,South West,55-64,English,9,beauty,55.31,8,3,Incorrect product received,Can someone check this? you sent a different product. The order value is about GBP 55.31. Please advise. sent from mobile,wrong_item,medium,negative,1,IMG_WRONG_ITEM_0036,0,22.08,0,0.0,4.0,0,resolved_within_7d,resolved_standard
TKT000000157,CUST0034673,ORD00001157,2025-08-02T12:37,web_chat,Scotland,45-54,English,45,sports,39.94,2,1,Wrong item delivered,"Hi, you sent a different product. The order value is about GBP 39.94. Thanks.",wrong_item,medium,neutral,1,IMG_WRONG_ITEM_0037,0,9.83,0,0.0,4.2,0,resolved_within_7d,resolved_standard
TKT000000158,CUST0148255,ORD00001158,2025-02-20T14:23,mobile_app,South East,25-34,English,15,sports,40.74,0,0,This is not what I ordered,"Hello, the item in the box is not what I ordered. The order value is about GBP 40.74. Can you confirm the next step?",wrong_item,medium,positive,1,IMG_WRONG_ITEM_0038,0,9.42,0,0.0,4.4,0,resolved_within_7d,resolved_standard
TKT000000159,CUST0025377,ORD00001159,2025-04-14T03:42,mobile_app,North West,45-54,English,28,fashion,32.51,2,2,This is not what I ordered,Please help - I received the wrong colour or model. The order value is about GBP 32.51. Thank you. ...,wrong_item,low,negative,1,IMG_WRONG_ITEM_0039,0,20.54,1,25.5,3.2,0,resolved_within_7d,refund_or_return_completed
TKT000000160,CUST0039789,ORD00001160,2025-11-17T14:18,web_chat,South East,25-34,English,29,grocery,26.26,0,3,Wrong item delivered,Can someone check this? the item in the box is not what I ordered. The order value is about GBP 26.26. Can you confirm the next step? !!!,wrong_item,medium,neutral,1,IMG_WRONG_ITEM_0040,0,20.92,0,0.0,,0,resolved_within_7d,resolved_standard
TKT000000161,CUST0021245,ORD00001161,2025-12-01T09:01,mobile_app,West Midlands,45-54,English,25,fashion,28.36,11,0,This is not what I ordered,I need assistance because this is the incorrect item. The order value is about GBP 28.36. Please get back to me. ASAP,wrong_item,high,negative,1,IMG_WRONG_ITEM_0041,1,28.68,0,0.0,3.1,0,resolved_within_7d,specialist_escalation
TKT000000162,CUST0039810,ORD00001162,2025-11-04T04:30,mobile_app,Northern Ireland,35-44,English,16,fashion,169.13,4,1,This is not what I ordered,Please help - the item in the box is not what I ordered. The order value is about GBP 169.13. Please advise. ...,wrong_item,medium,positive,1,IMG_WRONG_ITEM_0042,0,22.32,0,0.0,3.6,0,resolved_within_7d,resolved_standard
TKT000000163,CUST0183499,ORD00001163,2025-06-11T22:31,mobile_app,Wales,35-44,English,43,home,70.83,3,6,Incorrect product received,Please help - you sent a different product. The order value is about GBP 70.83. I need this resolved soon. pls,wrong_item,medium,negative,1,IMG_WRONG_ITEM_0043,0,33.85,1,63.46,3.7,0,resolved_within_7d,refund_or_return_completed
TKT000000164,CUST0060742,ORD00001164,2025-12-08T12:00,email,London,55-64,English,13,electronics,255.83,2,2,This is not what I ordered,"Hi, I received the wrong colour or model. The order value is about GBP 255.83. Thanks. pls",wrong_item,low,negative,1,IMG_WRONG_ITEM_0044,1,33.68,0,0.0,2.0,1,resolved_within_7d,specialist_escalation
TKT000000165,CUST0090350,ORD00001165,2025-11-07T14:23,mobile_app,London,55-64,English,72,home,196.97,2,2,Wrong item delivered,Can someone check this? you sent a different product. The order value is about GBP 196.97. Thank you. ASAP,wrong_item,low,negative,1,IMG_WRONG_ITEM_0045,0,17.68,0,0.0,3.5,0,resolved_within_7d,resolved_standard
TKT000000166,CUST0196040,ORD00001166,2025-09-02T23:27,web_chat,South East,25-34,English,16,home,233.86,3,2,Incorrect product received,"Hello, you sent a different product. The order value is about GBP 233.86. Please get back to me.",wrong_item,low,negative,1,IMG_WRONG_ITEM_0046,1,23.06,0,0.0,2.5,0,resolved_within_7d,specialist_escalation
TKT000000167,CUST0091316,ORD00001167,2025-03-30T05:52,web_chat,Northern Ireland,25-34,English,25,home,94.79,0,0,This is not what I ordered,I need assistance because the item in the box is not what I ordered. The order value is about GBP 94.79. Please get back to me. ASAP,wrong_item,medium,neutral,1,IMG_WRONG_ITEM_0047,0,18.91,1,59.47,3.8,0,resolved_within_7d,refund_or_return_completed
TKT000000168,CUST0149402,ORD00001168,2025-09-30T15:05,web_chat,Yorkshire,55-64,English,17,beauty,402.54,2,1,Wrong item delivered,I need assistance because I received the wrong colour or model. The order value is about GBP 402.54. Thank you. #help,wrong_item,low,negative,1,IMG_WRONG_ITEM_0048,0,24.32,1,334.31,3.3,0,resolved_within_7d,refund_or_return_completed
TKT000000169,CUST0029989,ORD00001169,2025-10-16T03:10,web_chat,London,45-54,Punjabi,54,grocery,5.43,8,2,Wrong item delivered,Please help - you sent a different product. The order value is about GBP 5.43. Thanks. #help,wrong_item,medium,neutral,1,IMG_WRONG_ITEM_0049,0,23.51,0,0.0,3.2,0,resolved_within_7d,resolved_standard
TKT000000170,CUST0066261,ORD00001170,2025-05-26T00:25,mobile_app,South East,45-54,Polish,72,home,141.05,0,3,Wrong item delivered,"Hi, I received the wrong colour or model. The order value is about GBP 141.05. Please get back to me. pls",wrong_item,medium,negative,1,IMG_WRONG_ITEM_0050,0,22.74,0,0.0,3.1,0,resolved_within_7d,resolved_standard
TKT000000171,CUST0173275,ORD00001171,2025-01-01T15:30,web_chat,North West,65+,English,7,fashion,97.43,0,2,Incorrect product received,"Hello, you sent a different product. The order value is about GBP 97.43. Can you confirm the next step? ...",wrong_item,medium,neutral,1,IMG_WRONG_ITEM_0051,0,18.8,0,0.0,3.4,0,resolved_within_7d,resolved_standard
TKT000000172,CUST0043867,ORD00001172,2025-01-08T07:20,phone,South East,25-34,Punjabi,7,fashion,50.51,0,2,Wrong item delivered,"Hello, the item in the box is not what I ordered. The order value is about GBP 50.51. Please get back to me.",wrong_item,medium,neutral,1,IMG_WRONG_ITEM_0052,0,20.58,0,0.0,3.5,0,resolved_within_7d,resolved_standard
TKT000000173,CUST0035522,ORD00001173,2025-01-31T21:40,email,South East,45-54,English,48,home,159.41,2,2,Wrong item delivered,"Hi, this is the incorrect item. The order value is about GBP 159.41. Thanks. thx",wrong_item,medium,negative,1,IMG_WRONG_ITEM_0053,0,32.11,0,0.0,3.5,0,resolved_within_7d,resolved_standard
TKT000000174,CUST0141662,ORD00001174,2025-06-11T10:08,email,London,55-64,English,7,fashion,133.15,0,2,This is not what I ordered,Can someone check this? I received the wrong colour or model. The order value is about GBP 133.15. Please get back to me. thx,wrong_item,medium,negative,1,IMG_WRONG_ITEM_0054,0,19.5,1,90.1,3.6,0,resolved_within_7d,refund_or_return_completed
TKT000000175,CUST0139382,ORD00001175,2025-10-20T18:39,phone,South East,65+,English,44,beauty,44.48,1,1,Wrong item delivered,"Hi, this is the incorrect item. The order value is about GBP 44.48. Can you confirm the next step? ...",wrong_item,medium,neutral,1,IMG_WRONG_ITEM_0055,0,13.13,0,0.0,4.5,0,resolved_within_7d,resolved_standard
TKT000000176,CUST0112017,ORD00001176,2025-11-02T06:16,web_chat,South East,25-34,English,6,electronics,143.2,0,2,Wrong item delivered,"Hello, I received the wrong colour or model. The order value is about GBP 143.20. Can you confirm the next step? ASAP",wrong_item,medium,positive,1,IMG_WRONG_ITEM_0056,1,16.78,0,0.0,3.5,0,resolved_within_7d,specialist_escalation
TKT000000177,CUST0172585,ORD00001177,2025-11-23T05:44,web_chat,North West,45-54,English,10,home,74.03,1,0,Incorrect product received,I need assistance because the item in the box is not what I ordered. The order value is about GBP 74.03. Thank you. !!!,wrong_item,low,positive,1,IMG_WRONG_ITEM_0057,0,8.32,1,46.74,3.9,0,resolved_within_7d,refund_or_return_completed
TKT000000178,CUST0068972,ORD00001178,2025-09-04T21:31,email,London,45-54,English,24,beauty,102.8,0,2,Wrong item delivered,Can someone check this? I received the wrong colour or model. The order value is about GBP 102.80. Please advise. sent from mobile,wrong_item,medium,negative,1,IMG_WRONG_ITEM_0058,0,19.7,0,0.0,3.2,0,resolved_within_7d,resolved_standard
TKT000000179,CUST0101733,ORD00001179,2025-08-15T15:10,mobile_app,South East,18-24,English,39,home,69.89,0,1,This is not what I ordered,"hi, you sent a different product. the order value is about gbp 69.89. thank you.",wrong_item,high,neutral,1,IMG_WRONG_ITEM_0059,1,10.16,0,0.0,4.0,0,resolved_within_7d,specialist_escalation
TKT000000180,CUST0172832,ORD00001180,2025-02-04T19:13,email,North West,25-34,English,41,electronics,116.63,3,0,Wrong item delivered,"Hi, this is the incorrect item. The order value is about GBP 116.63. Please get back to me. !!!",wrong_item,low,neutral,1,IMG_WRONG_ITEM_0060,0,19.63,1,77.6,4.2,0,resolved_within_7d,refund_or_return_completed
TKT000000181,CUST0140319,ORD00001181,2025-10-08T12:34,web_chat,London,45-54,English,74,grocery,190.17,0,0,Incorrect product received,Please help - you sent a different product. The order value is about GBP 190.17. Thanks. pls,wrong_item,medium,neutral,1,IMG_WRONG_ITEM_0061,0,17.54,0,0.0,4.0,0,resolved_within_7d,resolved_standard
TKT000000182,CUST0122556,ORD00001182,2025-04-18T18:03,mobile_app,Yorkshire,18-24,English,54,appliances,516.27,1,2,This is not what I ordered,Please help - this is the incorrect item. The order value is about GBP 516.27. Can you confirm the next step? ASAP,wrong_item,medium,positive,1,IMG_WRONG_ITEM_0062,1,29.07,1,363.84,3.5,0,resolved_within_7d,specialist_escalation
TKT000000183,CUST0126129,ORD00001183,2025-01-08T04:15,mobile_app,South East,45-54,English,52,home,51.5,9,0,Wrong item delivered,Can someone check this? I received the wrong colour or model. The order value is about GBP 51.50. Thank you.,wrong_item,medium,negative,1,IMG_WRONG_ITEM_0063,0,43.1,0,0.0,1.6,0,resolved_within_7d,resolved_standard
TKT000000184,CUST0041555,ORD00001184,2025-04-29T16:08,web_chat,Wales,55-64,English,24,home,1021.21,10,2,Wrong item delivered,"Support team, the item in the box is not what I ordered. The order value is about GBP 1021.21. Please advise.",wrong_item,high,neutral,1,IMG_WRONG_ITEM_0064,1,32.96,0,0.0,2.6,0,resolved_within_7d,specialist_escalation
TKT000000185,CUST0149905,ORD00001185,2025-03-02T07:44,mobile_app,South West,25-34,English,10,sports,30.58,0,0,This is not what I ordered,"Hi, you sent a different product. The order value is about GBP 30.58. I need this resolved soon. sent from mobile",wrong_item,low,neutral,1,IMG_WRONG_ITEM_0065,0,8.97,0,0.0,4.5,0,resolved_within_7d,resolved_standard
TKT000000186,CUST0009026,ORD00001186,2025-03-01T14:22,web_chat,London,45-54,English,33,home,111.54,2,3,Wrong item delivered,Can someone check this? you sent a different product. The order value is about GBP 111.54. Thank you. !!!,wrong_item,low,negative,1,IMG_WRONG_ITEM_0066,1,31.98,1,72.82,2.4,0,resolved_within_7d,specialist_escalation
TKT000000187,CUST0044673,ORD00001187,2025-01-05T00:47,web_chat,South East,35-44,Punjabi,36,toys,262.48,2,4,Wrong item delivered,PLEASE HELP - YOU SENT A DIFFERENT PRODUCT. THE ORDER VALUE IS ABOUT GBP 262.48. THANKS. #HELP,wrong_item,high,negative,1,IMG_WRONG_ITEM_0067,1,21.38,0,0.0,2.5,0,resolved_within_7d,specialist_escalation
TKT000000188,CUST0043238,ORD00001188,2025-01-21T06:29,email,London,45-54,English,13,home,66.9,1,1,Wrong item delivered,"Support team, the item in the box is not what I ordered. The order value is about GBP 66.90. Thanks. #help",wrong_item,medium,positive,1,IMG_WRONG_ITEM_0068,0,22.13,1,42.63,3.7,0,resolved_within_7d,refund_or_return_completed
TKT000000189,CUST0105799,ORD00001189,2025-08-25T07:47,email,North West,55-64,English,54,sports,413.19,2,0,Incorrect product received,Can someone check this? this is the incorrect item. The order value is about GBP 413.19. I need this resolved soon. thx,wrong_item,high,neutral,1,IMG_WRONG_ITEM_0069,0,23.21,1,256.64,3.6,0,resolved_within_7d,refund_or_return_completed
TKT000000190,CUST0084008,ORD00001190,2025-11-19T13:17,mobile_app,North West,25-34,English,19,appliances,81.59,2,5,Wrong item delivered,"Support team, I received the wrong colour or model. The order value is about GBP 81.59. Can you confirm the next step? sent from mobile",wrong_item,medium,negative,1,IMG_WRONG_ITEM_0070,1,17.71,0,0.0,3.5,0,resolved_within_7d,specialist_escalation
TKT000000191,CUST0188086,ORD00001191,2025-12-25T01:58,web_chat,North West,35-44,English,7,fashion,48.53,1,2,Incorrect product received,"Support team, I received the wrong colour or model. The order value is about GBP 48.53. Please advise. ...",wrong_item,low,neutral,1,IMG_WRONG_ITEM_0071,0,14.12,0,0.0,4.5,0,resolved_within_7d,resolved_standard
TKT000000192,CUST0011640,ORD00001192,2025-01-06T13:03,email,London,45-54,English,58,fashion,122.95,10,2,Incorrect product received,Can someone check this? this is the incorrect item. The order value is about GBP 122.95. Thank you. sent from mobile,wrong_item,medium,negative,1,IMG_WRONG_ITEM_0072,1,32.75,0,0.0,2.7,1,resolved_within_7d,specialist_escalation
TKT000000193,CUST0089154,ORD00001193,2025-03-17T22:48,web_chat,London,35-44,English,52,beauty,40.49,4,0,Incorrect product received,Please help - you sent a different product. The order value is about GBP 40.49. Please advise. ...,wrong_item,medium,neutral,1,IMG_WRONG_ITEM_0073,0,24.3,1,38.55,4.1,0,resolved_within_7d,refund_or_return_completed
TKT000000194,CUST0132888,ORD00001194,2025-04-28T23:00,email,Northern Ireland,55-64,English,7,home,79.06,2,1,This is not what I ordered,Can someone check this? you sent a different product. The order value is about GBP 79.06. Please advise. pls,wrong_item,medium,positive,1,IMG_WRONG_ITEM_0074,0,24.68,1,74.89,3.0,0,resolved_within_7d,refund_or_return_completed
TKT000000195,CUST0183964,ORD00001195,2025-07-26T04:09,email,North West,65+,English,22,electronics,248.39,0,1,This is not what I ordered,"Hi, I received the wrong colour or model. The order value is about GBP 248.39. Thank you. ...",wrong_item,medium,positive,1,IMG_WRONG_ITEM_0075,0,20.3,0,0.0,4.2,0,resolved_within_7d,resolved_standard
TKT000000196,CUST0033385,ORD00001196,2025-05-05T00:03,web_chat,East Midlands,45-54,Urdu,35,home,92.35,1,1,Incorrect product received,Can someone check this? you sent a different product. The order value is about GBP 92.35. Please get back to me.,wrong_item,medium,neutral,1,IMG_WRONG_ITEM_0076,0,30.31,1,84.2,3.3,0,resolved_within_7d,refund_or_return_completed
TKT000000197,CUST0048537,ORD00001197,2025-12-17T20:35,email,West Midlands,35-44,English,1,electronics,109.61,1,1,Wrong item delivered,I need assistance because you sent a different product. The order value is about GBP 109.61. I need this resolved soon. ASAP,wrong_item,medium,neutral,1,IMG_WRONG_ITEM_0077,0,20.44,1,104.46,4.3,0,resolved_within_7d,refund_or_return_completed
TKT000000198,CUST0036000,ORD00001198,2025-04-17T02:59,email,North West,25-34,Polish,25,toys,162.51,7,1,Incorrect product received,"Hi, I received the wrong colour or model. The order value is about GBP 162.51. Please get back to me. ...",wrong_item,medium,neutral,1,IMG_WRONG_ITEM_0078,0,26.46,0,0.0,3.2,0,resolved_within_7d,resolved_standard
TKT000000199,CUST0100228,ORD00001199,2025-07-08T03:01,web_chat,North West,55-64,English,30,electronics,346.79,5,3,Wrong item delivered,I need assistance because I received the wrong colour or model. The order value is about GBP 346.79. Thanks. pls,wrong_item,medium,neutral,1,IMG_WRONG_ITEM_0079,1,24.67,0,0.0,3.2,0,resolved_within_7d,specialist_escalation
TKT000000200,CUST0011758,ORD00001200,2025-02-17T14:09,web_chat,South West,35-44,English,21,fashion,63.22,0,1,Wrong item delivered,Please help - this is the incorrect item. The order value is about GBP 63.22. Thanks. #help,wrong_item,medium,neutral,1,IMG_WRONG_ITEM_0080,0,24.23,1,39.7,3.5,0,resolved_within_7d,refund_or_return_completed
TKT000000201,CUST0091943,ORD00001201,2025-05-11T18:55,web_chat,Wales,35-44,English,28,grocery,11.41,4,5,Wrong item delivered,"Support team, the item in the box is not what I ordered. The order value is about GBP 11.41. Please get back to me. #help",wrong_item,low,positive,1,IMG_WRONG_ITEM_0081,1,24.08,0,0.0,3.4,0,resolved_within_7d,specialist_escalation
TKT000000202,CUST0136050,ORD00001202,2025-12-11T12:46,mobile_app,South West,35-44,English,8,fashion,38.51,2,2,This is not what I ordered,"Hi, you sent a different product. The order value is about GBP 38.51. Can you confirm the next step? ...",wrong_item,medium,neutral,1,IMG_WRONG_ITEM_0082,0,25.44,1,34.97,3.4,0,resolved_within_7d,refund_or_return_completed
TKT000000203,CUST0062406,ORD00001203,2025-02-04T09:30,email,Scotland,35-44,English,32,appliances,136.53,0,1,Incorrect product received,"Support team, you sent a different product. The order value is about GBP 136.53. Please advise. ASAP",wrong_item,low,neutral,1,IMG_WRONG_ITEM_0083,0,15.3,0,0.0,3.8,0,resolved_within_7d,resolved_standard
TKT000000204,CUST0192780,ORD00001204,2025-10-03T11:21,mobile_app,Scotland,25-34,English,31,toys,123.65,17,3,Incorrect product received,"Support team, I received the wrong colour or model. The order value is about GBP 123.65. Can you confirm the next step? ...",wrong_item,low,negative,1,IMG_WRONG_ITEM_0084,1,57.88,1,85.97,1.4,0,resolved_within_7d,specialist_escalation
TKT000000205,CUST0041171,ORD00001205,2025-11-25T19:04,mobile_app,North West,35-44,English,54,sports,68.72,0,1,This is not what I ordered,Please help - you sent a different product. The order value is about GBP 68.72. Please advise. ...,wrong_item,medium,positive,1,IMG_WRONG_ITEM_0085,0,20.01,1,62.88,3.9,0,resolved_within_7d,refund_or_return_completed
TKT000000206,CUST0143978,ORD00001206,2025-01-01T15:16,web_chat,Northern Ireland,55-64,Polish,38,home,279.83,1,2,This is not what I ordered,Please help - this is the incorrect item. The order value is about GBP 279.83. Can you confirm the next step? ...,wrong_item,medium,negative,1,IMG_WRONG_ITEM_0086,1,43.98,0,0.0,2.0,0,resolved_within_7d,specialist_escalation
TKT000000207,CUST0061558,ORD00001207,2025-12-10T19:36,web_chat,Northern Ireland,45-54,Welsh,29,beauty,127.71,0,1,Incorrect product received,I need assistance because you sent a different product. The order value is about GBP 127.71. Please get back to me. !!!,wrong_item,high,negative,1,IMG_WRONG_ITEM_0087,0,21.9,0,0.0,3.2,0,resolved_within_7d,resolved_standard
TKT000000208,CUST0127985,ORD00001208,2025-01-24T07:40,email,North West,35-44,English,56,fashion,170.75,0,2,Wrong item delivered,"Hi, this is the incorrect item. The order value is about GBP 170.75. Please get back to me.",wrong_item,medium,negative,1,IMG_WRONG_ITEM_0088,1,28.21,0,0.0,,0,resolved_within_7d,specialist_escalation
TKT000000209,CUST0044198,ORD00001209,2025-01-18T09:01,web_chat,Yorkshire,18-24,English,20,sports,319.72,0,1,Incorrect product received,Can someone check this? the item in the box is not what I ordered. The order value is about GBP 319.72. I need this resolved soon. ASAP,wrong_item,low,neutral,1,IMG_WRONG_ITEM_0089,0,19.08,1,239.42,3.8,0,resolved_within_7d,refund_or_return_completed
TKT000000210,CUST0178165,ORD00001210,2025-01-13T14:39,mobile_app,Northern Ireland,25-34,English,34,home,36.17,6,1,This is not what I ordered,Can someone check this? this is the incorrect item. The order value is about GBP 36.17. Please get back to me. sent from mobile,wrong_item,low,negative,1,IMG_WRONG_ITEM_0090,0,19.31,0,0.0,3.4,1,resolved_within_7d,resolved_standard
TKT000000211,CUST0139501,ORD00001211,2025-10-20T16:54,email,Wales,55-64,English,20,electronics,108.65,1,0,This is not what I ordered,Please help - the item in the box is not what I ordered. The order value is about GBP 108.65. Thanks. sent from mobile,wrong_item,low,neutral,1,IMG_WRONG_ITEM_0091,0,24.23,0,0.0,3.6,0,resolved_within_7d,resolved_standard
TKT000000212,CUST0089150,ORD00001212,2025-12-26T15:29,web_chat,Northern Ireland,35-44,English,81,electronics,104.76,15,1,Wrong item delivered,"Support team, the item in the box is not what I ordered. The order value is about GBP 104.76. Thanks. sent from mobile",wrong_item,low,negative,1,IMG_WRONG_ITEM_0092,1,51.77,1,99.9,2.0,0,resolved_within_7d,specialist_escalation
TKT000000213,CUST0049756,ORD00001213,2025-07-26T12:25,web_chat,Northern Ireland,55-64,English,14,grocery,65.99,2,2,Incorrect product received,"Hello, this is the incorrect item. The order value is about GBP 65.99. Can you confirm the next step?",wrong_item,medium,positive,1,IMG_WRONG_ITEM_0093,0,21.32,1,65.82,4.0,0,resolved_within_7d,refund_or_return_completed
TKT000000214,CUST0136724,ORD00001214,2025-10-08T05:34,mobile_app,London,25-34,English,46,fashion,39.71,0,3,Incorrect product received,I need assistance because the item in the box is not what I ordered. The order value is about GBP 39.71. Thanks. #help,wrong_item,medium,neutral,1,IMG_WRONG_ITEM_0094,0,9.21,0,0.0,4.4,0,resolved_within_7d,resolved_standard
TKT000000215,CUST0151614,ORD00001215,2025-10-24T18:21,mobile_app,Yorkshire,35-44,English,13,sports,96.18,6,2,This is not what I ordered,Please help - this is the incorrect item. The order value is about GBP 96.18. Please get back to me. #help,wrong_item,low,negative,1,IMG_WRONG_ITEM_0095,0,20.65,0,0.0,3.0,0,resolved_within_7d,resolved_standard
TKT000000216,CUST0065843,ORD00001216,2025-07-12T11:19,email,London,45-54,English,23,electronics,46.03,2,2,This is not what I ordered,Can someone check this? the item in the box is not what I ordered. The order value is about GBP 46.03. I need this resolved soon. ...,wrong_item,medium,neutral,1,IMG_WRONG_ITEM_0096,0,12.02,0,0.0,3.9,0,resolved_within_7d,resolved_standard
TKT000000217,CUST0162490,ORD00001217,2025-04-06T13:32,web_chat,West Midlands,35-44,English,13,toys,84.05,0,1,Incorrect product received,"Hello, the item in the box is not what I ordered. The order value is about GBP 84.05. Thank you. #help",wrong_item,medium,positive,1,IMG_WRONG_ITEM_0097,0,18.22,0,0.0,3.7,0,resolved_within_7d,resolved_standard
TKT000000218,CUST0126336,ORD00001218,2025-10-10T15:55,email,North West,65+,English,24,home,63.19,6,3,Wrong item delivered,Please help - the item in the box is not what I ordered. The order value is about GBP 63.19. Can you confirm the next step? #help,wrong_item,medium,neutral,1,IMG_WRONG_ITEM_0098,0,18.91,0,0.0,4.0,0,resolved_within_7d,resolved_standard
TKT000000219,CUST0080792,ORD00001219,2025-12-29T16:11,email,London,55-64,English,12,beauty,351.28,1,2,Wrong item delivered,"Hi, the item in the box is not what I ordered. The order value is about GBP 351.28. Thank you. #help",wrong_item,high,negative,1,IMG_WRONG_ITEM_0099,0,19.56,0,0.0,3.7,0,resolved_within_7d,resolved_standard
TKT000000220,CUST0099540,ORD00001220,2025-09-06T20:21,email,South West,25-34,English,29,toys,43.9,10,0,Wrong item delivered,I need assistance because I received the wrong colour or model. The order value is about GBP 43.90. Can you confirm the next step? pls,wrong_item,low,neutral,1,IMG_WRONG_ITEM_0100,0,23.59,0,0.0,3.6,0,resolved_within_7d,resolved_standard
TKT000000221,CUST0171710,ORD00001221,2025-12-16T22:03,email,Yorkshire,25-34,English,29,fashion,35.48,0,3,This is not what I ordered,"Hi, I received the wrong colour or model. The order value is about GBP 35.48. Thanks. !!!",wrong_item,medium,negative,1,IMG_WRONG_ITEM_0101,0,18.64,1,31.12,3.1,0,resolved_within_7d,refund_or_return_completed
TKT000000222,CUST0055533,ORD00001222,2025-08-16T03:25,web_chat,London,25-34,English,25,electronics,557.66,0,4,Wrong item delivered,"Support team, the item in the box is not what I ordered. The order value is about GBP 557.66. Thank you. ...",wrong_item,medium,negative,1,IMG_WRONG_ITEM_0102,1,30.67,0,0.0,2.4,0,resolved_within_7d,specialist_escalation
TKT000000223,CUST0060906,ORD00001223,2025-08-10T05:52,mobile_app,West Midlands,35-44,English,108,toys,1084.73,9,1,Incorrect product received,Please help - you sent a different product. The order value is about GBP 1084.73. I need this resolved soon. ...,wrong_item,medium,negative,1,IMG_WRONG_ITEM_0103,1,44.26,0,0.0,1.6,0,resolved_within_7d,specialist_escalation
TKT000000224,CUST0101147,ORD00001224,2025-04-27T17:02,web_chat,London,65+,English,53,fashion,154.41,12,1,Incorrect product received,CAN SOMEONE CHECK THIS? I RECEIVED THE WRONG COLOUR OR MODEL. THE ORDER VALUE IS ABOUT GBP 154.41. I NEED THIS RESOLVED SOON. ...,wrong_item,medium,negative,1,IMG_WRONG_ITEM_0104,1,30.95,0,0.0,2.7,0,resolved_within_7d,specialist_escalation
TKT000000225,CUST0122625,ORD00001225,2025-02-11T00:18,email,Northern Ireland,25-34,Welsh,4,grocery,27.3,1,0,Wrong item delivered,"Hi, I received the wrong colour or model. The order value is about GBP 27.30. Please advise. ASAP",wrong_item,low,neutral,1,IMG_WRONG_ITEM_0105,0,17.47,1,17.18,3.8,0,resolved_within_7d,refund_or_return_completed
TKT000000226,CUST0055854,ORD00001226,2025-06-02T04:56,email,South West,25-34,English,40,electronics,210.88,1,2,Wrong item delivered,"Hi, I received the wrong colour or model. The order value is about GBP 210.88. I need this resolved soon. #help",wrong_item,low,neutral,1,IMG_WRONG_ITEM_0106,0,19.56,1,163.79,4.3,0,resolved_within_7d,refund_or_return_completed
TKT000000227,CUST0115162,ORD00001227,2025-03-28T07:07,email,London,18-24,English,11,fashion,151.24,8,0,This is not what I ordered,Please help - I received the wrong colour or model. The order value is about GBP 151.24. Thanks. thx,wrong_item,high,negative,1,IMG_WRONG_ITEM_0107,0,37.02,1,126.93,2.7,0,resolved_within_7d,refund_or_return_completed
TKT000000228,CUST0111722,ORD00001228,2025-07-19T06:13,mobile_app,South East,25-34,English,3,grocery,152.12,16,1,Wrong item delivered,Can someone check this? this is the incorrect item. The order value is about GBP 152.12. Please advise. ASAP,wrong_item,low,negative,1,IMG_WRONG_ITEM_0108,0,49.12,1,138.64,1.3,0,resolved_within_7d,refund_or_return_completed
TKT000000229,CUST0045979,ORD00001229,2025-02-04T23:13,web_chat,Northern Ireland,35-44,English,50,grocery,40.87,2,3,This is not what I ordered,"Hi, I received the wrong colour or model. The order value is about GBP 40.87. Can you confirm the next step? sent from mobile",wrong_item,medium,negative,1,IMG_WRONG_ITEM_0109,0,26.35,0,0.0,2.9,0,resolved_within_7d,resolved_standard
TKT000000230,CUST0073684,ORD00001230,2025-04-22T11:09,web_chat,Wales,45-54,English,23,fashion,15.96,2,2,This is not what I ordered,"Support team, I received the wrong colour or model. The order value is about GBP 15.96. Please advise. sent from mobile",wrong_item,low,neutral,1,IMG_WRONG_ITEM_0110,0,34.87,0,0.0,3.0,0,resolved_within_7d,resolved_standard
TKT000000231,CUST0187406,ORD00001231,2025-10-04T22:19,web_chat,South East,35-44,English,4,beauty,207.42,0,2,Incorrect product received,Can someone check this? you sent a different product. The order value is about GBP 207.42. Please get back to me. !!!,wrong_item,medium,negative,1,IMG_WRONG_ITEM_0111,0,20.61,0,0.0,3.4,0,resolved_within_7d,resolved_standard
TKT000000232,CUST0027310,ORD00001232,2025-08-13T13:31,phone,South West,65+,English,23,beauty,71.77,3,0,Incorrect product received,,wrong_item,medium,neutral,1,IMG_WRONG_ITEM_0112,0,13.77,0,0.0,4.4,0,resolved_within_7d,resolved_standard
TKT000000233,CUST0112940,ORD00001233,2025-06-05T09:39,web_chat,South West,45-54,English,64,sports,48.32,8,2,Wrong item delivered,"Hello, you sent a different product. The order value is about GBP 48.32. Please get back to me. !!!",wrong_item,medium,negative,1,IMG_WRONG_ITEM_0113,0,27.13,0,0.0,2.5,0,resolved_within_7d,resolved_standard
TKT000000234,CUST0094132,ORD00001234,2025-06-05T16:13,web_chat,West Midlands,45-54,English,32,toys,108.97,7,2,Incorrect product received,"Support team, I received the wrong colour or model. The order value is about GBP 108.97. Thank you. ...",wrong_item,high,negative,1,IMG_WRONG_ITEM_0114,1,31.45,0,0.0,2.7,0,resolved_within_7d,specialist_escalation
TKT000000235,CUST0029758,ORD00001235,2025-06-08T12:46,web_chat,Scotland,25-34,English,12,sports,37.58,1,0,Wrong item delivered,"Hi, you sent a different product. The order value is about GBP 37.58. I need this resolved soon. thx",wrong_item,low,negative,1,IMG_WRONG_ITEM_0115,0,19.99,0,0.0,2.6,0,resolved_within_7d,resolved_standard
TKT000000236,CUST0184127,ORD00001236,2025-09-21T08:32,web_chat,Scotland,25-34,English,32,fashion,46.22,1,3,Incorrect product received,Please help - you sent a different product. The order value is about GBP 46.22. I need this resolved soon. pls,wrong_item,low,neutral,1,IMG_WRONG_ITEM_0116,0,21.48,1,26.46,3.4,0,resolved_within_7d,refund_or_return_completed
TKT000000237,CUST0178087,ORD00001237,2025-09-20T02:09,email,North West,25-34,English,27,electronics,19.93,8,6,Incorrect product received,,wrong_item,medium,negative,1,IMG_WRONG_ITEM_0117,1,37.19,0,0.0,1.8,0,resolved_within_7d,specialist_escalation
TKT000000238,CUST0186325,ORD00001238,2025-01-14T20:54,web_chat,Wales,65+,English,31,home,89.88,1,0,Incorrect product received,I need assistance because this is the incorrect item. The order value is about GBP 89.88. Thank you. !!!,wrong_item,medium,neutral,1,IMG_WRONG_ITEM_0118,0,20.22,1,67.49,3.3,0,resolved_within_7d,refund_or_return_completed
TKT000000239,CUST0015606,ORD00001239,2025-09-19T12:15,email,Yorkshire,25-34,English,15,toys,94.97,0,0,Wrong item delivered,Please help - this is the incorrect item. The order value is about GBP 94.97. Can you confirm the next step? ASAP,wrong_item,medium,neutral,1,IMG_WRONG_ITEM_0119,0,21.19,1,80.99,4.0,0,resolved_within_7d,refund_or_return_completed
TKT000000240,CUST0021499,ORD00001240,2025-04-03T13:53,email,Yorkshire,45-54,English,84,electronics,109.51,1,4,Wrong item delivered,Can someone check this? the item in the box is not what I ordered. The order value is about GBP 109.51. Can you confirm the next step? pls,wrong_item,medium,positive,1,IMG_WRONG_ITEM_0120,1,27.01,0,0.0,3.9,0,resolved_within_7d,specialist_escalation
TKT000000241,CUST0133277,ORD00001241,2025-09-17T16:06,phone,South East,25-34,English,28,fashion,190.92,3,1,Item arrived damaged,Can someone check this? the product is damaged. The order value is about GBP 190.92. Can you confirm the next step? sent from mobile,damaged_item,low,negative,1,IMG_PACKAGING_DAMAGE_0001,0,26.43,0,0.0,3.5,0,resolved_within_7d,resolved_standard
TKT000000242,CUST0063108,ORD00001242,2025-02-04T09:53,email,London,35-44,English,17,fashion,86.1,0,0,Damage on arrival,"HI, THE ITEM ARRIVED CRACKED. THE ORDER VALUE IS ABOUT GBP 86.10. CAN YOU CONFIRM THE NEXT STEP? #HELP",damaged_item,medium,neutral,1,IMG_PACKAGING_DAMAGE_0002,0,11.95,0,0.0,4.2,0,resolved_within_7d,resolved_standard
TKT000000243,CUST0030544,ORD00001243,2025-04-21T15:05,email,Wales,35-44,English,9,sports,32.67,9,4,Product is broken,Please help - the item arrived cracked. The order value is about GBP 32.67. I need this resolved soon. pls,damaged_item,medium,negative,1,IMG_PACKAGING_DAMAGE_0003,1,40.37,0,0.0,1.8,0,resolved_within_7d,specialist_escalation
TKT000000244,CUST0175269,ORD00001244,2025-04-19T09:58,web_chat,East Midlands,45-54,Polish,17,electronics,425.6,8,0,Product is broken,Please help - there is visible damage. The order value is about GBP 425.60. Thanks. #help,damaged_item,high,positive,1,IMG_PACKAGING_DAMAGE_0004,1,27.32,0,0.0,,0,resolved_within_7d,specialist_escalation
TKT000000245,CUST0148835,ORD00001245,2025-02-19T18:52,email,South East,55-64,English,9,home,69.2,1,1,Item arrived damaged,"Hi, the item arrived cracked. The order value is about GBP 69.20. Thanks. ...",damaged_item,medium,negative,1,IMG_PACKAGING_DAMAGE_0005,0,12.13,0,0.0,3.2,0,resolved_within_7d,resolved_standard
TKT000000246,CUST0093490,ORD00001246,2025-12-17T14:06,email,London,35-44,English,14,appliances,108.09,3,1,Damage on arrival,Can someone check this? there is visible damage. The order value is about GBP 108.09. Thank you. thx,damaged_item,medium,negative,1,IMG_PACKAGING_DAMAGE_0006,0,17.49,0,0.0,3.4,0,resolved_within_7d,resolved_standard
TKT000000247,CUST0177359,ORD00001247,2025-07-31T12:20,phone,South West,55-64,English,35,fashion,89.48,0,2,Damage on arrival,Please help - the product is damaged. The order value is about GBP 89.48. Please advise. !!!,damaged_item,medium,neutral,1,IMG_PACKAGING_DAMAGE_0007,0,32.99,1,81.91,3.0,0,resolved_within_7d,refund_or_return_completed
TKT000000248,CUST0054479,ORD00001248,2025-10-06T15:19,phone,London,35-44,English,16,grocery,114.22,1,1,Damage on arrival,"Support team, the item arrived cracked. The order value is about GBP 114.22. Thanks. #help",damaged_item,medium,neutral,1,IMG_PACKAGING_DAMAGE_0008,1,27.08,1,63.99,3.4,0,resolved_within_7d,specialist_escalation
TKT000000249,CUST0124747,ORD00001249,2025-03-07T02:55,web_chat,South West,45-54,English,12,electronics,230.82,2,3,Product is broken,"Hi, the item arrived cracked. The order value is about GBP 230.82. Thank you. pls",damaged_item,high,neutral,1,IMG_PACKAGING_DAMAGE_0009,0,20.5,1,145.84,3.5,0,resolved_within_7d,refund_or_return_completed
TKT000000250,CUST0101314,ORD00001250,2025-07-30T06:24,mobile_app,Wales,18-24,English,46,home,61.54,1,1,Product is broken,"Hello, the box was crushed and the item is broken. The order value is about GBP 61.54. Thanks.",damaged_item,medium,neutral,1,IMG_PACKAGING_DAMAGE_0010,0,20.01,0,0.0,3.5,0,resolved_within_7d,resolved_standard
TKT000000251,CUST0048327,ORD00001251,2025-06-18T11:40,web_chat,North West,18-24,Punjabi,31,beauty,133.7,1,3,Product is broken,"Support team, the item arrived cracked. The order value is about GBP 133.70. Please get back to me. ...",damaged_item,high,negative,1,IMG_PACKAGING_DAMAGE_0011,1,16.92,0,0.0,2.7,0,resolved_within_7d,specialist_escalation
TKT000000252,CUST0191628,ORD00001252,2025-04-08T10:41,email,Northern Ireland,35-44,English,30,beauty,58.06,8,2,Item arrived damaged,"Hi, the box was crushed and the item is broken. The order value is about GBP 58.06. Thanks. thx",damaged_item,urgent,neutral,1,IMG_PACKAGING_DAMAGE_0012,0,25.46,1,56.93,3.6,0,resolved_within_7d,refund_or_return_completed
TKT000000253,CUST0100197,ORD00001253,2025-02-16T05:35,email,South West,18-24,English,86,grocery,29.83,2,2,Damage on arrival,Can someone check this? the item arrived cracked. The order value is about GBP 29.83. I need this resolved soon.,damaged_item,medium,negative,1,IMG_PACKAGING_DAMAGE_0013,0,20.01,1,18.03,3.1,0,resolved_within_7d,refund_or_return_completed
TKT000000254,CUST0117727,ORD00001254,2025-12-09T11:50,email,South East,55-64,English,47,home,41.68,1,2,Damage on arrival,I need assistance because there is visible damage. The order value is about GBP 41.68. I need this resolved soon. #help,damaged_item,medium,neutral,1,IMG_PACKAGING_DAMAGE_0014,0,7.67,0,0.0,4.1,0,resolved_within_7d,resolved_standard
TKT000000255,CUST0037691,ORD00001255,2025-01-27T21:57,web_chat,London,45-54,English,32,appliances,92.67,2,2,Damage on arrival,I need assistance because there is visible damage. The order value is about GBP 92.67. Thanks. ...,damaged_item,low,negative,1,IMG_PACKAGING_DAMAGE_0015,0,34.75,0,0.0,2.4,0,resolved_within_7d,resolved_standard
TKT000000256,CUST0153802,ORD00001256,2025-12-01T09:49,web_chat,London,18-24,English,32,home,110.07,1,1,Product is broken,"Support team, there is visible damage. The order value is about GBP 110.07. I need this resolved soon. ASAP",damaged_item,low,positive,1,IMG_PACKAGING_DAMAGE_0016,0,28.32,0,0.0,3.8,0,resolved_within_7d,resolved_standard
TKT000000257,CUST0090841,ORD00001257,2025-01-30T04:51,mobile_app,Northern Ireland,25-34,English,13,toys,63.58,2,1,Damage on arrival,"Hi, the box was crushed and the item is broken. The order value is about GBP 63.58. Please get back to me. #help",damaged_item,low,neutral,1,IMG_PACKAGING_DAMAGE_0017,0,22.73,1,37.51,3.7,0,resolved_within_7d,refund_or_return_completed
TKT000000258,CUST0160766,ORD00001258,2025-08-20T04:19,phone,London,45-54,English,37,appliances,520.67,0,0,Damage on arrival,"Hello, the item arrived cracked. The order value is about GBP 520.67. Please advise. pls",damaged_item,medium,neutral,1,IMG_PACKAGING_DAMAGE_0018,0,16.03,1,410.33,4.1,0,resolved_within_7d,refund_or_return_completed
TKT000000259,CUST0152063,ORD00001259,2025-04-09T00:28,email,London,25-34,English,13,electronics,386.68,4,1,Item arrived damaged,Can someone check this? the item arrived cracked. The order value is about GBP 386.68. Please get back to me. !!!,damaged_item,medium,negative,1,IMG_PACKAGING_DAMAGE_0019,0,15.86,0,0.0,3.6,0,resolved_within_7d,resolved_standard
TKT000000260,CUST0131989,ORD00001260,2025-06-29T13:21,email,West Midlands,45-54,English,40,fashion,49.75,2,2,Damage on arrival,Can someone check this? the product is damaged. The order value is about GBP 49.75. Please get back to me. !!!,damaged_item,medium,negative,1,IMG_PACKAGING_DAMAGE_0020,0,23.36,0,0.0,3.3,0,resolved_within_7d,resolved_standard
TKT000000261,CUST0144521,ORD00001261,2025-02-06T20:03,mobile_app,Scotland,25-34,English,42,electronics,320.51,0,1,Product is broken,I need assistance because there is visible damage. The order value is about GBP 320.51. I need this resolved soon. sent from mobile,damaged_item,medium,negative,1,IMG_PACKAGING_DAMAGE_0021,0,6.72,0,0.0,3.5,0,resolved_within_7d,resolved_standard
TKT000000262,CUST0173774,ORD00001262,2025-06-04T14:10,phone,Scotland,25-34,English,41,fashion,94.81,0,4,Product is broken,"Hello, the product is damaged. The order value is about GBP 94.81. Can you confirm the next step? ...",damaged_item,urgent,positive,1,IMG_PACKAGING_DAMAGE_0022,1,20.06,0,0.0,3.5,0,resolved_within_7d,specialist_escalation
TKT000000263,CUST0158105,ORD00001263,2025-06-27T12:14,web_chat,South East,45-54,English,50,fashion,108.64,1,1,Item arrived damaged,I need assistance because the box was crushed and the item is broken. The order value is about GBP 108.64. Thanks. ASAP,damaged_item,medium,neutral,1,IMG_PACKAGING_DAMAGE_0023,0,18.98,0,0.0,4.2,0,resolved_within_7d,resolved_standard
TKT000000264,CUST0038494,ORD00001264,2025-06-09T09:12,web_chat,South East,55-64,English,117,grocery,5.92,0,2,Item arrived damaged,I need assistance because the box was crushed and the item is broken. The order value is about GBP 5.92. Thanks. ASAP,damaged_item,low,positive,1,IMG_PACKAGING_DAMAGE_0024,0,25.05,1,4.03,3.8,0,resolved_within_7d,refund_or_return_completed
TKT000000265,CUST0115903,ORD00001265,2025-12-14T01:30,web_chat,West Midlands,55-64,English,19,home,41.87,1,1,Product is broken,"Hi, the product is damaged. The order value is about GBP 41.87. Thanks. #help",damaged_item,medium,neutral,1,IMG_PACKAGING_DAMAGE_0025,0,30.56,0,0.0,3.1,0,resolved_within_7d,resolved_standard
TKT000000266,CUST0180879,ORD00001266,2025-01-13T13:56,web_chat,Scotland,35-44,English,21,fashion,297.1,0,0,Item arrived damaged,"Support team, the item arrived cracked. The order value is about GBP 297.10. Can you confirm the next step? !!!",damaged_item,medium,negative,1,IMG_PACKAGING_DAMAGE_0026,0,20.87,0,0.0,3.6,0,resolved_within_7d,resolved_standard
TKT000000267,CUST0185954,ORD00001267,2025-05-13T20:17,web_chat,South West,25-34,English,44,toys,58.81,4,1,Damage on arrival,"Hi, the item arrived cracked. The order value is about GBP 58.81. I need this resolved soon. pls",damaged_item,medium,negative,1,IMG_PACKAGING_DAMAGE_0027,0,18.94,0,0.0,3.3,0,resolved_within_7d,resolved_standard
TKT000000268,CUST0122129,ORD00001268,2025-05-12T05:12,web_chat,Northern Ireland,55-64,English,29,electronics,120.87,9,4,Product is broken,Please help - the box was crushed and the item is broken. The order value is about GBP 120.87. Thank you. thx,damaged_item,high,neutral,1,IMG_PACKAGING_DAMAGE_0028,0,24.83,0,0.0,3.9,0,resolved_within_7d,resolved_standard
TKT000000269,CUST0198913,ORD00001269,2025-11-26T16:52,web_chat,South East,25-34,Welsh,16,electronics,275.81,2,2,Product is broken,Can someone check this? there is visible damage. The order value is about GBP 275.81. Can you confirm the next step? sent from mobile,damaged_item,medium,positive,1,IMG_PACKAGING_DAMAGE_0029,0,24.92,0,0.0,3.0,0,resolved_within_7d,resolved_standard
TKT000000270,CUST0133091,ORD00001270,2025-05-09T14:23,mobile_app,West Midlands,45-54,English,20,beauty,196.14,9,2,Product is broken,I need assistance because the item arrived cracked. The order value is about GBP 196.14. Can you confirm the next step? pls,damaged_item,medium,neutral,1,IMG_PACKAGING_DAMAGE_0030,1,33.44,0,0.0,3.3,0,resolved_within_7d,specialist_escalation
TKT000000271,CUST0033332,ORD00001271,2025-08-29T23:46,web_chat,North West,25-34,English,13,home,126.14,0,1,Damage on arrival,I need assistance because the box was crushed and the item is broken. The order value is about GBP 126.14. I need this resolved soon. ...,damaged_item,medium,positive,1,IMG_PACKAGING_DAMAGE_0031,0,20.53,0,0.0,4.2,0,resolved_within_7d,resolved_standard
TKT000000272,CUST0089498,ORD00001272,2025-04-13T22:16,web_chat,London,25-34,English,36,fashion,60.96,1,1,Damage on arrival,Can someone check this? the box was crushed and the item is broken. The order value is about GBP 60.96. Thank you. ASAP,damaged_item,medium,negative,1,IMG_PACKAGING_DAMAGE_0032,0,11.83,0,0.0,4.4,0,resolved_within_7d,resolved_standard
TKT000000273,CUST0079140,ORD00001273,2025-01-04T16:04,phone,South East,65+,English,78,home,375.57,5,2,Product is broken,"SUPPORT TEAM, THE PRODUCT IS DAMAGED. THE ORDER VALUE IS ABOUT GBP 375.57. THANK YOU. !!!",damaged_item,urgent,negative,1,IMG_PACKAGING_DAMAGE_0033,0,19.54,0,0.0,3.2,0,resolved_within_7d,resolved_standard
TKT000000274,CUST0071235,ORD00001274,2025-02-28T07:44,web_chat,Wales,25-34,English,115,home,318.7,11,1,Item arrived damaged,PLEASE HELP - THERE IS VISIBLE DAMAGE. THE ORDER VALUE IS ABOUT GBP 318.70. I NEED THIS RESOLVED SOON. !!!,damaged_item,urgent,negative,1,IMG_PACKAGING_DAMAGE_0034,0,48.25,1,288.94,,0,resolved_within_7d,refund_or_return_completed
TKT000000275,CUST0135455,ORD00001275,2025-02-20T09:58,web_chat,North West,25-34,English,28,fashion,41.39,5,2,Product is broken,"Hello, the box was crushed and the item is broken. The order value is about GBP 41.39. Please advise. ASAP",damaged_item,medium,negative,1,IMG_PACKAGING_DAMAGE_0035,0,27.88,1,34.01,3.4,0,resolved_within_7d,refund_or_return_completed
TKT000000276,CUST0020693,ORD00001276,2025-04-05T18:06,web_chat,Northern Ireland,45-54,English,24,electronics,121.45,5,0,Item arrived damaged,"Hello, the item arrived cracked. The order value is about GBP 121.45. Thank you. thx",damaged_item,high,negative,1,IMG_PACKAGING_DAMAGE_0036,0,24.11,0,0.0,2.6,0,resolved_within_7d,resolved_standard
TKT000000277,CUST0092122,ORD00001277,2025-10-11T09:50,web_chat,South East,35-44,English,13,beauty,137.55,14,5,Product is broken,Please help - the item arrived cracked. The order value is about GBP 137.55. Can you confirm the next step? thx,damaged_item,low,negative,1,IMG_PACKAGING_DAMAGE_0037,1,54.04,1,111.11,1.5,0,resolved_within_7d,specialist_escalation
TKT000000278,CUST0188125,ORD00001278,2025-02-23T18:36,email,East Midlands,55-64,English,17,fashion,114.09,0,1,Product is broken,"Support team, the item arrived cracked. The order value is about GBP 114.09. Thanks. ASAP",damaged_item,low,neutral,1,IMG_PACKAGING_DAMAGE_0038,0,23.52,1,78.43,3.5,0,resolved_within_7d,refund_or_return_completed
TKT000000279,CUST0022377,ORD00001279,2025-12-17T05:34,email,North West,45-54,English,70,home,446.29,1,1,Item arrived damaged,I need assistance because the item arrived cracked. The order value is about GBP 446.29. Please advise. sent from mobile,damaged_item,high,negative,1,IMG_PACKAGING_DAMAGE_0039,1,22.4,1,388.41,2.9,0,resolved_within_7d,specialist_escalation
TKT000000280,CUST0159224,ORD00001280,2025-01-31T15:18,web_chat,Yorkshire,45-54,English,82,fashion,101.41,0,1,Damage on arrival,Can someone check this? there is visible damage. The order value is about GBP 101.41. Thanks. pls,damaged_item,low,negative,1,IMG_PACKAGING_DAMAGE_0040,0,26.93,1,83.65,3.1,0,resolved_within_7d,refund_or_return_completed
TKT000000281,CUST0031442,ORD00001281,2025-05-25T17:11,phone,West Midlands,35-44,English,26,fashion,33.74,0,4,Item arrived damaged,Please help - the item arrived cracked. The order value is about GBP 33.74. Thank you. thx,damaged_item,medium,positive,1,IMG_PACKAGING_DAMAGE_0041,0,11.3,0,0.0,3.7,0,resolved_within_7d,resolved_standard
TKT000000282,CUST0138460,ORD00001282,2025-10-30T21:32,mobile_app,North West,45-54,English,40,beauty,58.37,1,2,Damage on arrival,Please help - there is visible damage. The order value is about GBP 58.37. Can you confirm the next step? thx,damaged_item,low,negative,1,IMG_PACKAGING_DAMAGE_0042,1,22.76,0,0.0,2.9,0,resolved_within_7d,specialist_escalation
TKT000000283,CUST0060193,ORD00001283,2025-08-17T03:22,email,South East,55-64,English,11,appliances,453.11,8,1,Product is broken,"Hello, the product is damaged. The order value is about GBP 453.11. Can you confirm the next step? ...",damaged_item,high,neutral,1,IMG_PACKAGING_DAMAGE_0043,0,48.69,1,415.78,,0,resolved_within_7d,refund_or_return_completed
TKT000000284,CUST0051403,ORD00001284,2025-09-08T21:25,web_chat,South East,55-64,English,13,home,69.93,0,2,Product is broken,"Hello, the box was crushed and the item is broken. The order value is about GBP 69.93. I need this resolved soon. ...",damaged_item,medium,negative,1,IMG_PACKAGING_DAMAGE_0044,0,11.72,0,0.0,3.6,0,resolved_within_7d,resolved_standard
TKT000000285,CUST0048222,ORD00001285,2025-08-25T09:38,web_chat,South East,25-34,English,39,sports,110.87,1,2,Damage on arrival,Please help - the box was crushed and the item is broken. The order value is about GBP 110.87. Can you confirm the next step? ASAP,damaged_item,medium,negative,1,IMG_PACKAGING_DAMAGE_0045,1,26.78,1,75.2,2.9,0,resolved_within_7d,specialist_escalation
TKT000000286,CUST0042717,ORD00001286,2025-09-10T12:39,web_chat,North West,35-44,English,114,beauty,87.88,7,0,Product is broken,"Support team, the product is damaged. The order value is about GBP 87.88. Thank you. sent from mobile",damaged_item,medium,negative,1,IMG_PACKAGING_DAMAGE_0046,0,19.35,0,0.0,3.3,0,resolved_within_7d,resolved_standard
TKT000000287,CUST0179601,ORD00001287,2025-04-10T07:00,phone,South West,35-44,English,14,electronics,195.97,2,1,Product is broken,Can someone check this? there is visible damage. The order value is about GBP 195.97. Thank you. pls,damaged_item,medium,positive,1,IMG_PACKAGING_DAMAGE_0047,1,29.41,0,0.0,2.8,0,resolved_within_7d,specialist_escalation
TKT000000288,CUST0087325,ORD00001288,2025-08-17T10:56,mobile_app,West Midlands,45-54,English,19,sports,107.11,2,1,Product is broken,"Support team, there is visible damage. The order value is about GBP 107.11. Please advise. thx",damaged_item,medium,positive,1,IMG_PACKAGING_DAMAGE_0048,0,14.23,0,0.0,4.0,0,resolved_within_7d,resolved_standard
TKT000000289,CUST0160142,ORD00001289,2025-05-08T03:45,mobile_app,South East,45-54,English,12,home,55.62,0,1,Product is broken,Can someone check this? the item arrived cracked. The order value is about GBP 55.62. Please advise. !!!,damaged_item,medium,neutral,1,IMG_PACKAGING_DAMAGE_0049,0,25.98,0,0.0,4.1,0,resolved_within_7d,resolved_standard
TKT000000290,CUST0080392,ORD00001290,2025-08-26T22:36,email,South East,35-44,English,109,home,130.34,8,3,Damage on arrival,Please help - the item arrived cracked. The order value is about GBP 130.34. Please advise. ...,damaged_item,low,negative,1,IMG_PACKAGING_DAMAGE_0050,0,24.67,0,0.0,3.1,0,resolved_within_7d,resolved_standard
TKT000000291,CUST0163213,ORD00001291,2025-12-19T15:31,web_chat,South West,35-44,English,20,home,66.73,8,2,Product is broken,"hi, the product is damaged. the order value is about gbp 66.73. please get back to me. ...",damaged_item,low,positive,1,IMG_PACKAGING_DAMAGE_0051,1,29.5,0,0.0,3.3,0,resolved_within_7d,specialist_escalation
TKT000000292,CUST0057715,ORD00001292,2025-04-07T11:23,web_chat,South East,65+,English,39,electronics,145.63,6,1,Item arrived damaged,"Hello, there is visible damage. The order value is about GBP 145.63. Please get back to me. !!!",damaged_item,medium,negative,1,IMG_PACKAGING_DAMAGE_0052,0,43.68,0,0.0,1.6,0,resolved_within_7d,resolved_standard
TKT000000293,CUST0135105,ORD00001293,2025-08-01T01:22,web_chat,London,35-44,Punjabi,47,fashion,27.62,1,0,Product is broken,"Hi, there is visible damage. The order value is about GBP 27.62. Thank you. pls",damaged_item,medium,negative,1,IMG_PACKAGING_DAMAGE_0053,0,32.8,0,0.0,2.3,0,resolved_within_7d,resolved_standard
TKT000000294,CUST0171767,ORD00001294,2025-08-06T04:30,email,Northern Ireland,18-24,English,49,home,169.47,0,3,Product is broken,"Hello, the box was crushed and the item is broken. The order value is about GBP 169.47. Can you confirm the next step? !!!",damaged_item,low,negative,1,IMG_PACKAGING_DAMAGE_0054,0,27.88,0,0.0,2.6,0,resolved_within_7d,resolved_standard
TKT000000295,CUST0159004,ORD00001295,2025-01-06T06:37,web_chat,West Midlands,25-34,English,37,sports,36.59,6,1,Item arrived damaged,"Support team, there is visible damage. The order value is about GBP 36.59. Please get back to me. ...",damaged_item,medium,negative,1,IMG_PACKAGING_DAMAGE_0055,1,24.02,0,0.0,2.6,0,resolved_within_7d,specialist_escalation
TKT000000296,CUST0118906,ORD00001296,2025-10-08T21:04,email,Wales,35-44,English,11,electronics,212.87,2,2,Item arrived damaged,"Hello, the box was crushed and the item is broken. The order value is about GBP 212.87. I need this resolved soon. ...",damaged_item,medium,neutral,1,IMG_PACKAGING_DAMAGE_0056,0,18.88,1,126.04,3.8,0,resolved_within_7d,refund_or_return_completed
TKT000000297,CUST0114945,ORD00001297,2025-09-08T06:42,web_chat,Yorkshire,65+,English,93,grocery,30.4,11,3,Damage on arrival,"Hi, the box was crushed and the item is broken. The order value is about GBP 30.40. I need this resolved soon. sent from mobile",damaged_item,high,negative,1,IMG_PACKAGING_DAMAGE_0057,1,50.57,1,20.67,1.2,0,resolved_within_7d,specialist_escalation
TKT000000298,CUST0160809,ORD00001298,2025-07-04T23:22,mobile_app,South East,25-34,English,39,grocery,22.91,0,5,Product is broken,"Hello, the box was crushed and the item is broken. The order value is about GBP 22.91. Can you confirm the next step? pls",damaged_item,medium,negative,1,IMG_PACKAGING_DAMAGE_0058,1,15.06,0,0.0,3.6,0,resolved_within_7d,specialist_escalation
TKT000000299,CUST0095749,ORD00001299,2025-08-13T06:23,web_chat,North West,35-44,English,15,fashion,16.56,12,0,Product is broken,"Hello, the box was crushed and the item is broken. The order value is about GBP 16.56. Thanks. thx",damaged_item,medium,negative,1,IMG_PACKAGING_DAMAGE_0059,0,23.89,0,0.0,3.4,0,resolved_within_7d,resolved_standard
TKT000000300,CUST0186097,ORD00001300,2025-01-09T10:55,email,Yorkshire,65+,English,15,electronics,83.44,5,3,Damage on arrival,Please help - the product is damaged. The order value is about GBP 83.44. Can you confirm the next step? pls,damaged_item,medium,negative,1,IMG_PACKAGING_DAMAGE_0060,1,24.11,0,0.0,2.2,0,resolved_within_7d,specialist_escalation
TKT000000301,CUST0005005,ORD00001301,2025-09-03T12:39,phone,Yorkshire,25-34,English,27,home,60.48,1,2,Damage on arrival,I need assistance because the product is damaged. The order value is about GBP 60.48. Thanks. #help,damaged_item,medium,positive,1,IMG_PACKAGING_DAMAGE_0061,0,15.14,1,36.36,3.2,0,resolved_within_7d,refund_or_return_completed
TKT000000302,CUST0134439,ORD00001302,2025-09-27T14:17,email,West Midlands,65+,English,30,fashion,146.03,2,1,Product is broken,I need assistance because the item arrived cracked. The order value is about GBP 146.03. Please advise. thx,damaged_item,high,negative,1,IMG_PACKAGING_DAMAGE_0062,0,26.31,1,125.4,3.1,0,resolved_within_7d,refund_or_return_completed
TKT000000303,CUST0159649,ORD00001303,2025-12-27T02:43,email,East Midlands,55-64,English,26,sports,118.59,0,2,Product is broken,I need assistance because the box was crushed and the item is broken. The order value is about GBP 118.59. Can you confirm the next step? thx,damaged_item,medium,negative,1,IMG_PACKAGING_DAMAGE_0063,1,26.4,0,0.0,3.3,0,resolved_within_7d,specialist_escalation
TKT000000304,CUST0124605,ORD00001304,2025-01-23T20:04,email,London,35-44,English,3,appliances,267.71,1,2,Product is broken,"Support team, the item arrived cracked. The order value is about GBP 267.71. Please get back to me. #help",damaged_item,low,positive,1,IMG_PACKAGING_DAMAGE_0064,0,23.47,1,189.49,3.1,0,resolved_within_7d,refund_or_return_completed
TKT000000305,CUST0070931,ORD00001305,2025-12-18T17:33,web_chat,Yorkshire,45-54,English,32,sports,51.37,1,4,Damage on arrival,I need assistance because the box was crushed and the item is broken. The order value is about GBP 51.37. Thank you. thx,damaged_item,low,negative,1,IMG_PACKAGING_DAMAGE_0065,0,18.41,1,35.04,3.9,0,resolved_within_7d,refund_or_return_completed
TKT000000306,CUST0054695,ORD00001306,2025-12-19T14:26,email,Yorkshire,65+,English,33,beauty,363.38,2,2,Damage on arrival,"Hello, the item arrived cracked. The order value is about GBP 363.38. I need this resolved soon. ASAP",damaged_item,medium,positive,1,IMG_PACKAGING_DAMAGE_0066,0,24.99,1,296.09,4.1,1,resolved_within_7d,refund_or_return_completed
TKT000000307,CUST0032815,ORD00001307,2025-12-16T15:59,email,South East,35-44,English,22,fashion,45.24,0,2,Item arrived damaged,I need assistance because the box was crushed and the item is broken. The order value is about GBP 45.24. I need this resolved soon. pls,damaged_item,medium,negative,1,IMG_PACKAGING_DAMAGE_0067,0,18.12,1,27.13,3.9,0,resolved_within_7d,refund_or_return_completed
TKT000000308,CUST0006274,ORD00001308,2025-06-02T05:06,mobile_app,South West,55-64,Urdu,38,grocery,51.06,2,3,Item arrived damaged,Can someone check this? the item arrived cracked. The order value is about GBP 51.06. I need this resolved soon. sent from mobile,damaged_item,low,positive,1,IMG_PACKAGING_DAMAGE_0068,0,43.09,0,0.0,2.7,0,resolved_within_7d,resolved_standard
TKT000000309,CUST0056942,ORD00001309,2025-02-01T05:16,phone,West Midlands,55-64,English,31,beauty,267.76,2,1,Item arrived damaged,"Hi, the item arrived cracked. The order value is about GBP 267.76. Please get back to me. #help",damaged_item,low,neutral,1,IMG_PACKAGING_DAMAGE_0069,1,24.66,1,222.19,3.3,0,resolved_within_7d,specialist_escalation
TKT000000310,CUST0050066,ORD00001310,2025-08-18T02:44,phone,London,25-34,English,43,electronics,183.71,0,6,Damage on arrival,"Hello, the item arrived cracked. The order value is about GBP 183.71. I need this resolved soon. ASAP",damaged_item,high,negative,1,IMG_PACKAGING_DAMAGE_0070,1,23.67,1,170.35,3.4,0,resolved_within_7d,specialist_escalation
TKT000000311,CUST0075881,ORD00001311,2025-02-23T04:59,web_chat,East Midlands,55-64,English,141,electronics,182.78,1,3,Item arrived damaged,"Hello, the item arrived cracked. The order value is about GBP 182.78. Please get back to me. thx",damaged_item,medium,negative,1,IMG_PACKAGING_DAMAGE_0071,1,37.09,0,0.0,2.2,0,resolved_within_7d,specialist_escalation
TKT000000312,CUST0028367,ORD00001312,2025-07-22T06:37,Web Chat,South East,25-34,English,35,beauty,266.92,0,1,Product is broken,"Hello, the item arrived cracked. The order value is about GBP 266.92. I need this resolved soon. ...",damaged_item,low,neutral,1,IMG_PACKAGING_DAMAGE_0072,0,24.37,1,203.98,3.9,0,resolved_within_7d,refund_or_return_completed
TKT000000313,CUST0093797,ORD00001313,2025-10-05T17:57,web_chat,Yorkshire,35-44,English,108,appliances,382.46,2,3,Damage on arrival,"Hello, the item arrived cracked. The order value is about GBP 382.46. Thanks. ...",damaged_item,medium,negative,1,IMG_PACKAGING_DAMAGE_0073,1,19.87,0,0.0,2.9,0,resolved_within_7d,specialist_escalation
TKT000000314,CUST0081992,ORD00001314,2025-03-12T04:12,mobile_app,South East,45-54,English,41,beauty,80.19,1,3,Damage on arrival,"Hello, the product is damaged. The order value is about GBP 80.19. Thanks. ...",damaged_item,medium,negative,1,IMG_PACKAGING_DAMAGE_0074,0,27.86,0,0.0,3.2,0,resolved_within_7d,resolved_standard
TKT000000315,CUST0031783,ORD00001315,2025-01-01T13:38,phone,Wales,45-54,English,16,home,20.86,0,2,Item arrived damaged,"Hi, the item arrived cracked. The order value is about GBP 20.86. Thank you. !!!",damaged_item,low,negative,1,IMG_PACKAGING_DAMAGE_0075,1,24.73,0,0.0,3.4,0,resolved_within_7d,specialist_escalation
TKT000000316,CUST0151599,ORD00001316,2025-07-05T11:54,mobile_app,North West,65+,Romanian,28,toys,167.46,2,2,Damage on arrival,"Hi, the product is damaged. The order value is about GBP 167.46. Please get back to me. sent from mobile",damaged_item,medium,neutral,1,IMG_PACKAGING_DAMAGE_0076,0,15.42,1,148.22,3.4,0,resolved_within_7d,refund_or_return_completed
TKT000000317,CUST0159940,ORD00001317,2025-04-13T05:19,email,North West,25-34,English,7,grocery,17.6,18,2,Item arrived damaged,Can someone check this? the product is damaged. The order value is about GBP 17.60. Thank you. #help,damaged_item,low,negative,1,IMG_PACKAGING_DAMAGE_0077,1,55.77,0,0.0,,0,resolved_within_7d,specialist_escalation
TKT000000318,CUST0006490,ORD00001318,2025-10-11T19:17,web_chat,West Midlands,35-44,English,1,fashion,53.09,0,1,Item arrived damaged,I need assistance because the item arrived cracked. The order value is about GBP 53.09. I need this resolved soon. ASAP,damaged_item,medium,neutral,1,IMG_PACKAGING_DAMAGE_0078,0,15.2,1,37.22,,0,resolved_within_7d,refund_or_return_completed
TKT000000319,CUST0165979,ORD00001319,2025-10-27T19:05,mobile_app,London,45-54,Urdu,3,electronics,57.72,1,3,Damage on arrival,Please help - the box was crushed and the item is broken. The order value is about GBP 57.72. Can you confirm the next step?,damaged_item,medium,negative,1,IMG_PACKAGING_DAMAGE_0079,0,21.96,0,0.0,3.0,0,resolved_within_7d,resolved_standard
TKT000000320,CUST0047856,ORD00001320,2025-10-06T14:40,web_chat,East Midlands,25-34,Punjabi,19,beauty,68.73,0,1,Damage on arrival,Can someone check this? the box was crushed and the item is broken. The order value is about GBP 68.73. Please get back to me.,damaged_item,urgent,negative,1,IMG_PACKAGING_DAMAGE_0080,0,15.91,0,0.0,3.9,0,resolved_within_7d,resolved_standard
TKT000000321,CUST0056950,ORD00001321,2025-01-09T13:17,web_chat,Wales,25-34,English,18,grocery,107.39,11,2,Item arrived damaged,"Hi, the item arrived cracked. The order value is about GBP 107.39. Can you confirm the next step?",damaged_item,medium,neutral,1,IMG_PACKAGING_DAMAGE_0081,0,25.1,0,0.0,4.0,0,resolved_within_7d,resolved_standard
TKT000000322,CUST0149565,ORD00001322,2025-04-04T14:09,web_chat,Yorkshire,25-34,English,48,home,259.16,3,3,Damage on arrival,"Hi, the item arrived cracked. The order value is about GBP 259.16. I need this resolved soon. #help",damaged_item,high,negative,1,IMG_PACKAGING_DAMAGE_0082,1,24.56,0,0.0,2.7,0,resolved_within_7d,specialist_escalation
TKT000000323,CUST0036003,ORD00001323,2025-11-29T15:00,mobile_app,South East,45-54,English,26,home,74.65,0,2,Item arrived damaged,Please help - the box was crushed and the item is broken. The order value is about GBP 74.65. Please get back to me. ...,damaged_item,medium,neutral,1,IMG_PACKAGING_DAMAGE_0083,0,21.19,0,0.0,4.0,0,resolved_within_7d,resolved_standard
TKT000000324,CUST0031409,ORD00001324,2025-11-24T20:37,mobile_app,North West,55-64,English,40,fashion,56.53,2,4,Damage on arrival,"Hello, the item arrived cracked. The order value is about GBP 56.53. Please advise. ...",damaged_item,low,negative,1,IMG_PACKAGING_DAMAGE_0084,0,26.27,1,46.32,3.0,1,resolved_within_7d,refund_or_return_completed
TKT000000325,CUST0123888,ORD00001325,2025-04-02T20:54,email,West Midlands,55-64,English,13,beauty,79.73,0,0,Damage on arrival,I need assistance because there is visible damage. The order value is about GBP 79.73. Can you confirm the next step? ...,damaged_item,low,neutral,1,IMG_PACKAGING_DAMAGE_0085,0,16.93,1,75.52,3.5,0,resolved_within_7d,refund_or_return_completed
TKT000000326,CUST0056284,ORD00001326,2025-06-04T01:05,phone,West Midlands,55-64,English,50,fashion,214.44,2,4,Item arrived damaged,I need assistance because the product is damaged. The order value is about GBP 214.44. Thank you. pls,damaged_item,high,negative,1,IMG_PACKAGING_DAMAGE_0086,0,24.14,0,0.0,3.1,0,resolved_within_7d,resolved_standard
TKT000000327,CUST0087873,ORD00001327,2025-05-16T00:14,email,West Midlands,35-44,English,22,appliances,132.11,5,0,Product is broken,"Hi, there is visible damage. The order value is about GBP 132.11. Please advise. pls",damaged_item,urgent,neutral,1,IMG_PACKAGING_DAMAGE_0087,0,14.98,0,0.0,3.8,0,resolved_within_7d,resolved_standard
TKT000000328,CUST0188996,ORD00001328,2025-06-29T08:59,email,,45-54,English,24,fashion,31.58,2,3,Item arrived damaged,Can someone check this? the box was crushed and the item is broken. The order value is about GBP 31.58. Thanks.,damaged_item,low,positive,1,IMG_PACKAGING_DAMAGE_0088,0,10.96,0,0.0,3.2,0,resolved_within_7d,resolved_standard
TKT000000329,CUST0169794,ORD00001329,2025-10-11T22:40,web_chat,London,45-54,English,74,home,119.89,7,0,Product is broken,"Support team, the box was crushed and the item is broken. The order value is about GBP 119.89. Please get back to me. #help",damaged_item,low,positive,1,IMG_PACKAGING_DAMAGE_0089,0,36.56,0,0.0,3.0,0,resolved_within_7d,resolved_standard
TKT000000330,CUST0023790,ORD00001330,2025-04-18T05:05,web_chat,London,55-64,English,30,fashion,185.58,1,2,Item arrived damaged,"Hello, the product is damaged. The order value is about GBP 185.58. Please advise. #help",damaged_item,low,negative,1,IMG_PACKAGING_DAMAGE_0090,0,11.91,0,0.0,3.9,0,resolved_within_7d,resolved_standard
TKT000000331,CUST0173141,ORD00001331,2025-12-22T14:01,email,East Midlands,35-44,English,9,sports,155.08,1,3,Item arrived damaged,Can someone check this? the product is damaged. The order value is about GBP 155.08. Can you confirm the next step? sent from mobile,damaged_item,medium,positive,1,IMG_PACKAGING_DAMAGE_0091,0,17.46,0,0.0,4.0,0,resolved_within_7d,resolved_standard
TKT000000332,CUST0137170,ORD00001332,2025-08-23T14:17,email,West Midlands,65+,English,26,fashion,44.32,0,2,Damage on arrival,Please help - the item arrived cracked. The order value is about GBP 44.32. Can you confirm the next step?,damaged_item,medium,negative,1,IMG_PACKAGING_DAMAGE_0092,0,16.45,1,31.01,4.3,0,resolved_within_7d,refund_or_return_completed
TKT000000333,CUST0089577,ORD00001333,2025-06-03T03:46,phone,South West,18-24,English,28,fashion,406.88,0,3,Product is broken,I need assistance because the item arrived cracked. The order value is about GBP 406.88. Please advise. thx,damaged_item,medium,negative,1,IMG_PACKAGING_DAMAGE_0093,1,19.88,1,304.99,2.6,0,resolved_within_7d,specialist_escalation
TKT000000334,CUST0014715,ORD00001334,2025-09-12T18:39,email,South East,65+,English,118,toys,61.48,0,2,Item arrived damaged,Can someone check this? the product is damaged. The order value is about GBP 61.48. Can you confirm the next step? ...,damaged_item,medium,negative,1,IMG_PACKAGING_DAMAGE_0094,0,25.65,1,36.36,3.1,0,resolved_within_7d,refund_or_return_completed
TKT000000335,CUST0004450,ORD00001335,2025-10-25T06:53,mobile_app,South East,65+,English,33,toys,225.95,1,0,Product is broken,"Hello, the item arrived cracked. The order value is about GBP 225.95. Can you confirm the next step? pls",damaged_item,medium,neutral,1,IMG_PACKAGING_DAMAGE_0095,0,24.03,0,0.0,3.6,0,resolved_within_7d,resolved_standard
TKT000000336,CUST0026682,ORD00001336,2025-10-25T05:22,web_chat,North West,45-54,English,7,home,66.17,0,2,Product is broken,Can someone check this? the box was crushed and the item is broken. The order value is about GBP 66.17. I need this resolved soon. #help,damaged_item,medium,neutral,1,IMG_PACKAGING_DAMAGE_0096,0,8.92,0,0.0,4.7,0,resolved_within_7d,resolved_standard
TKT000000337,CUST0041980,ORD00001337,2025-03-10T14:06,web_chat,South East,25-34,English,93,beauty,105.37,1,3,Damage on arrival,I NEED ASSISTANCE BECAUSE THE PRODUCT IS DAMAGED. THE ORDER VALUE IS ABOUT GBP 105.37. THANKS. SENT FROM MOBILE,damaged_item,medium,positive,1,IMG_PACKAGING_DAMAGE_0097,0,36.23,0,0.0,2.7,0,resolved_within_7d,resolved_standard
TKT000000338,CUST0183748,ORD00001338,2025-09-10T05:12,web_chat,North West,55-64,English,26,toys,63.28,9,4,Item arrived damaged,Can someone check this? the box was crushed and the item is broken. The order value is about GBP 63.28. Thank you. sent from mobile,damaged_item,medium,neutral,1,IMG_PACKAGING_DAMAGE_0098,0,40.42,0,0.0,3.3,0,resolved_within_7d,resolved_standard
TKT000000339,CUST0167101,ORD00001339,2025-03-16T13:10,email,North West,35-44,English,24,home,57.06,1,2,Damage on arrival,Please help - the box was crushed and the item is broken. The order value is about GBP 57.06. Thanks. ...,damaged_item,medium,negative,1,IMG_PACKAGING_DAMAGE_0099,0,15.86,0,0.0,3.7,0,resolved_within_7d,resolved_standard
TKT000000340,CUST0051879,ORD00001340,2025-08-16T13:51,mobile_app,,55-64,English,18,grocery,70.11,3,2,Item arrived damaged,Please help - there is visible damage. The order value is about GBP 70.11. I need this resolved soon. ASAP,damaged_item,low,neutral,1,IMG_PACKAGING_DAMAGE_0100,0,23.96,0,0.0,3.4,0,resolved_within_7d,resolved_standard
TKT000000341,CUST0086035,ORD00001341,2025-11-20T13:40,web_chat,Yorkshire,65+,English,20,sports,51.17,1,3,Damage on arrival,"Hi, the product is damaged. The order value is about GBP 51.17. Thanks. thx",damaged_item,low,negative,1,IMG_PACKAGING_DAMAGE_0101,0,29.62,0,0.0,2.6,0,resolved_within_7d,resolved_standard
TKT000000342,CUST0067965,ORD00001342,2025-10-14T02:35,mobile_app,,35-44,Urdu,27,beauty,326.58,2,2,Item arrived damaged,I need assistance because there is visible damage. The order value is about GBP 326.58. Thanks. sent from mobile,damaged_item,medium,neutral,1,IMG_PACKAGING_DAMAGE_0102,0,26.45,0,0.0,3.7,0,resolved_within_7d,resolved_standard
TKT000000343,CUST0007815,ORD00001343,2025-02-25T07:06,web_chat,East Midlands,55-64,English,27,toys,66.12,0,2,Item arrived damaged,"Hi, the item arrived cracked. The order value is about GBP 66.12. Please get back to me. sent from mobile",damaged_item,medium,negative,1,IMG_PACKAGING_DAMAGE_0103,0,14.92,0,0.0,3.5,0,resolved_within_7d,resolved_standard
TKT000000344,CUST0009539,ORD00001344,2025-08-25T13:36,mobile_app,Wales,55-64,English,37,fashion,135.44,1,2,Damage on arrival,"Support team, the item arrived cracked. The order value is about GBP 135.44. Thank you. ...",damaged_item,medium,neutral,1,IMG_PACKAGING_DAMAGE_0104,0,21.36,1,117.3,3.6,0,resolved_within_7d,refund_or_return_completed
TKT000000345,CUST0128956,ORD00001345,2025-05-31T12:45,web_chat,West Midlands,25-34,Welsh,20,electronics,99.88,8,5,Damage on arrival,"Support team, the box was crushed and the item is broken. The order value is about GBP 99.88. Can you confirm the next step? sent from mobile",damaged_item,low,negative,1,IMG_PACKAGING_DAMAGE_0105,1,36.74,0,0.0,3.0,0,resolved_within_7d,specialist_escalation
TKT000000346,CUST0142292,ORD00001346,2025-09-24T22:40,email,London,65+,Polish,53,appliances,105.51,2,1,Item arrived damaged,"Hello, the product is damaged. The order value is about GBP 105.51. Please get back to me. !!!",damaged_item,high,negative,1,IMG_PACKAGING_DAMAGE_0106,0,26.19,0,0.0,3.5,0,resolved_within_7d,resolved_standard
TKT000000347,CUST0065841,ORD00001347,2025-08-24T22:28,mobile_app,North West,25-34,English,23,grocery,99.56,0,5,Item arrived damaged,"Support team, the box was crushed and the item is broken. The order value is about GBP 99.56. Please get back to me. #help",damaged_item,low,neutral,1,IMG_PACKAGING_DAMAGE_0107,0,27.8,0,0.0,3.2,0,resolved_within_7d,resolved_standard
TKT000000348,CUST0092290,ORD00001348,2025-04-18T05:00,email,South West,35-44,English,43,toys,117.64,6,0,Item arrived damaged,I need assistance because the box was crushed and the item is broken. The order value is about GBP 117.64. Thank you. ASAP,damaged_item,medium,neutral,1,IMG_PACKAGING_DAMAGE_0108,0,17.39,0,0.0,4.4,0,resolved_within_7d,resolved_standard
TKT000000349,CUST0012591,ORD00001349,2025-05-21T10:47,web_chat,North West,65+,English,15,fashion,35.64,6,2,Damage on arrival,I need assistance because the box was crushed and the item is broken. The order value is about GBP 35.64. Please advise.,damaged_item,low,negative,1,IMG_PACKAGING_DAMAGE_0109,1,29.8,0,0.0,3.0,0,resolved_within_7d,specialist_escalation
TKT000000350,CUST0190181,ORD00001350,2025-06-28T07:17,email,London,35-44,English,11,beauty,273.05,12,2,Product is broken,"Hi, the box was crushed and the item is broken. The order value is about GBP 273.05. Can you confirm the next step? sent from mobile",damaged_item,low,negative,1,IMG_PACKAGING_DAMAGE_0110,1,47.88,0,0.0,1.6,0,resolved_within_7d,specialist_escalation
TKT000000351,CUST0022356,ORD00001351,2025-07-19T03:26,email,North West,35-44,English,23,fashion,341.62,0,3,Product is broken,I need assistance because the product is damaged. The order value is about GBP 341.62. Thanks.,damaged_item,high,positive,1,IMG_PACKAGING_DAMAGE_0111,0,16.93,1,201.37,4.2,0,resolved_within_7d,refund_or_return_completed
TKT000000352,CUST0100219,ORD00001352,2025-01-05T11:27,mobile_app,London,25-34,English,35,fashion,149.45,0,2,Item arrived damaged,"Hello, the item arrived cracked. The order value is about GBP 149.45. Thank you. pls",damaged_item,medium,neutral,1,IMG_PACKAGING_DAMAGE_0112,0,13.98,0,0.0,4.0,0,resolved_within_7d,resolved_standard
TKT000000353,CUST0061003,ORD00001353,2025-01-07T14:43,phone,South West,35-44,English,60,appliances,101.75,1,3,Item arrived damaged,"Hi, the item arrived cracked. The order value is about GBP 101.75. Thanks. thx",damaged_item,medium,negative,1,IMG_PACKAGING_DAMAGE_0113,0,26.45,0,0.0,3.2,0,resolved_within_7d,resolved_standard
TKT000000354,CUST0073388,ORD00001354,2025-12-31T13:21,phone,London,35-44,English,2,home,39.88,2,4,Product is broken,"Support team, the box was crushed and the item is broken. The order value is about GBP 39.88. Please get back to me. thx",damaged_item,medium,negative,1,IMG_PACKAGING_DAMAGE_0114,1,35.43,0,0.0,2.6,0,resolved_within_7d,specialist_escalation
TKT000000355,CUST0156912,ORD00001355,2025-06-12T03:23,mobile_app,South West,35-44,English,24,toys,77.86,7,2,Item arrived damaged,I need assistance because the item arrived cracked. The order value is about GBP 77.86. Can you confirm the next step? sent from mobile,damaged_item,medium,neutral,1,IMG_PACKAGING_DAMAGE_0115,0,18.92,0,0.0,3.9,0,resolved_within_7d,resolved_standard
TKT000000356,CUST0021718,ORD00001356,2025-10-23T16:21,phone,South West,45-54,English,12,appliances,291.58,1,0,Damage on arrival,,damaged_item,medium,neutral,1,IMG_PACKAGING_DAMAGE_0116,0,21.26,1,220.2,3.8,0,resolved_within_7d,refund_or_return_completed
TKT000000357,CUST0134578,ORD00001357,2025-12-21T00:37,phone,North West,45-54,English,41,appliances,139.03,2,3,Product is broken,"Support team, there is visible damage. The order value is about GBP 139.03. Thanks. pls",damaged_item,low,neutral,1,IMG_PACKAGING_DAMAGE_0117,0,27.32,0,0.0,3.5,0,resolved_within_7d,resolved_standard
TKT000000358,CUST0100554,ORD00001358,2025-12-09T21:19,web_chat,Yorkshire,55-64,English,22,home,48.93,1,5,Item arrived damaged,"hello, the item arrived cracked. the order value is about gbp 48.93. can you confirm the next step?",damaged_item,medium,negative,1,IMG_PACKAGING_DAMAGE_0118,1,29.99,0,0.0,2.9,0,resolved_within_7d,specialist_escalation
TKT000000359,CUST0057966,ORD00001359,2025-02-09T23:33,mobile_app,Northern Ireland,55-64,English,48,fashion,73.13,1,1,Item arrived damaged,"Hi, there is visible damage. The order value is about GBP 73.13. Can you confirm the next step?",damaged_item,medium,neutral,1,IMG_PACKAGING_DAMAGE_0119,0,20.94,0,0.0,3.5,0,resolved_within_7d,resolved_standard
TKT000000360,CUST0030764,ORD00001360,2025-01-13T15:46,mobile_app,London,25-34,English,26,sports,30.48,2,0,Product is broken,I need assistance because the box was crushed and the item is broken. The order value is about GBP 30.48. Can you confirm the next step?,damaged_item,medium,negative,1,IMG_PACKAGING_DAMAGE_0120,0,22.31,0,0.0,3.5,0,resolved_within_7d,resolved_standard
TKT000000361,CUST0124474,ORD00001361,2025-02-28T19:27,mobile_app,Yorkshire,45-54,English,72,appliances,198.79,1,1,Return request,Can someone check this? is this still within the return window. The order value is about GBP 198.79. I need this resolved soon. !!!,return_request,low,negative,1,IMG_NORMAL_0001,0,20.82,1,140.84,3.4,0,resolved_within_7d,refund_or_return_completed
TKT000000362,CUST0069775,ORD00001362,2025-12-26T08:12,email,South East,45-54,English,37,electronics,130.98,0,3,Can I send this back?,Can someone check this? I would like to return the item. The order value is about GBP 130.98. Please advise. thx,return_request,medium,negative,1,IMG_NORMAL_0002,1,27.7,0,0.0,3.2,0,resolved_within_7d,specialist_escalation
TKT000000363,CUST0132136,ORD00001363,2025-05-08T13:16,web_chat,South East,45-54,English,33,home,182.02,6,0,I want to return this,Please help - is this still within the return window. The order value is about GBP 182.02. Please get back to me. sent from mobile,return_request,medium,negative,1,IMG_NORMAL_0003,0,16.88,0,0.0,3.8,0,resolved_within_7d,resolved_standard
TKT000000364,CUST0121844,ORD00001364,2025-04-05T19:51,web_chat,East Midlands,18-24,English,30,fashion,43.34,1,1,Return request,Please help - I would like to return the item. The order value is about GBP 43.34. Please advise. pls,return_request,medium,neutral,1,IMG_NORMAL_0004,0,16.54,1,30.6,4.3,0,resolved_within_7d,refund_or_return_completed
TKT000000365,CUST0074933,ORD00001365,2025-08-21T14:08,web_chat,West Midlands,55-64,Polish,48,beauty,220.17,12,2,I want to return this,Please help - please tell me how to send this back. The order value is about GBP 220.17. I need this resolved soon. ...,return_request,medium,positive,1,IMG_NORMAL_0005,1,51.82,0,0.0,2.3,0,resolved_within_7d,specialist_escalation
TKT000000366,CUST0107796,ORD00001366,2025-01-30T16:31,web_chat,North West,18-24,Polish,39,home,132.03,1,3,Can I send this back?,"Hello, I want to start a return. The order value is about GBP 132.03. Can you confirm the next step? ...",return_request,medium,neutral,1,IMG_NORMAL_0006,0,27.32,0,0.0,2.9,0,resolved_within_7d,resolved_standard
TKT000000367,CUST0022984,ORD00001367,2025-08-29T18:07,email,South East,55-64,English,20,beauty,69.88,0,3,Return request,"Support team, please tell me how to send this back. The order value is about GBP 69.88. Please get back to me. sent from mobile",return_request,medium,neutral,1,IMG_NORMAL_0007,0,15.78,0,0.0,3.6,1,resolved_within_7d,resolved_standard
TKT000000368,CUST0074649,ORD00001368,2025-04-07T06:17,web_chat,Wales,45-54,English,41,beauty,200.37,0,3,I want to return this,"Support team, I would like to return the item. The order value is about GBP 200.37. I need this resolved soon. sent from mobile",return_request,medium,positive,1,IMG_NORMAL_0008,1,28.67,0,0.0,3.2,0,resolved_within_7d,specialist_escalation
TKT000000369,CUST0196211,ORD00001369,2025-06-21T16:13,web_chat,Wales,55-64,English,12,electronics,278.52,8,2,I want to return this,I need assistance because is this still within the return window. The order value is about GBP 278.52. Please advise. !!!,return_request,high,neutral,1,IMG_NORMAL_0009,0,37.15,1,227.95,2.9,0,resolved_within_7d,refund_or_return_completed
TKT000000370,CUST0020332,ORD00001370,2025-09-10T14:21,email,Wales,25-34,English,15,fashion,113.51,0,3,Can I send this back?,Please help - please tell me how to send this back. The order value is about GBP 113.51. Thank you. ASAP,return_request,medium,negative,1,IMG_NORMAL_0010,1,30.53,0,0.0,2.2,0,resolved_within_7d,specialist_escalation
TKT000000371,CUST0110773,ORD00001371,2025-04-22T19:10,web_chat,South West,25-34,English,48,electronics,466.84,4,1,I want to return this,"Hi, I want to start a return. The order value is about GBP 466.84. Please get back to me. pls",return_request,medium,negative,1,IMG_NORMAL_0011,1,29.16,0,0.0,1.5,0,resolved_within_7d,specialist_escalation
TKT000000372,CUST0004063,ORD00001372,2025-12-02T00:09,web_chat,North West,45-54,English,15,sports,60.0,1,2,Can I send this back?,I need assistance because is this still within the return window. The order value is about GBP 60.00. Please advise. #help,return_request,medium,positive,1,IMG_NORMAL_0012,0,21.15,0,0.0,4.1,1,resolved_within_7d,resolved_standard
TKT000000373,CUST0113003,ORD00001373,2025-07-15T21:53,web_chat,North West,45-54,English,18,beauty,397.1,2,3,Can I send this back?,"Hello, is this still within the return window. The order value is about GBP 397.10. Please get back to me. thx",return_request,medium,negative,1,IMG_NORMAL_0013,1,28.04,0,0.0,2.6,0,resolved_within_7d,specialist_escalation
TKT000000374,CUST0070532,ORD00001374,2025-02-09T18:57,mobile_app,East Midlands,25-34,English,13,electronics,457.55,8,3,Can I send this back?,"Hello, I would like to return the item. The order value is about GBP 457.55. I need this resolved soon. ASAP",return_request,urgent,neutral,1,IMG_NORMAL_0014,1,35.57,0,0.0,3.0,0,resolved_within_7d,specialist_escalation
TKT000000375,CUST0102432,ORD00001375,2025-01-09T16:14,mobile_app,East Midlands,45-54,English,22,sports,58.17,1,0,I want to return this,Please help - I would like to return the item. The order value is about GBP 58.17. Thanks.,return_request,low,positive,1,IMG_NORMAL_0015,0,16.51,1,51.66,3.9,0,resolved_within_7d,refund_or_return_completed
TKT000000376,CUST0147081,ORD00001376,2025-05-25T08:45,email,Northern Ireland,35-44,Polish,5,grocery,86.5,3,0,Return request,"Hello, please tell me how to send this back. The order value is about GBP 86.50. Please advise.",return_request,medium,positive,1,IMG_NORMAL_0016,1,22.38,0,0.0,3.8,0,resolved_within_7d,specialist_escalation
TKT000000377,CUST0160817,ORD00001377,2025-03-15T06:43,email,London,45-54,English,21,appliances,439.25,2,3,Return request,"Hello, is this still within the return window. The order value is about GBP 439.25. Thanks. !!!",return_request,medium,negative,1,IMG_NORMAL_0017,1,34.34,1,361.87,2.4,0,resolved_within_7d,specialist_escalation
TKT000000378,CUST0152690,ORD00001378,2025-07-10T06:18,web_chat,Yorkshire,18-24,English,96,grocery,9.56,1,4,I want to return this,"Support team, please tell me how to send this back. The order value is about GBP 9.56. I need this resolved soon. thx",return_request,medium,negative,1,IMG_NORMAL_0018,0,23.29,1,6.03,3.5,0,resolved_within_7d,refund_or_return_completed
TKT000000379,CUST0138295,ORD00001379,2025-01-12T05:43,phone,North West,45-54,English,19,electronics,858.9,2,1,Return request,Can someone check this? I want to start a return. The order value is about GBP 858.90. Thank you. ASAP,return_request,medium,neutral,1,IMG_NORMAL_0019,0,20.36,1,640.32,3.8,0,resolved_within_7d,refund_or_return_completed
TKT000000380,CUST0055905,ORD00001380,2025-03-16T17:49,email,East Midlands,35-44,English,42,home,102.81,2,3,Can I send this back?,Please help - I would like to return the item. The order value is about GBP 102.81. Please advise. sent from mobile,return_request,medium,negative,1,IMG_NORMAL_0020,1,31.81,0,0.0,2.1,0,resolved_within_7d,specialist_escalation
TKT000000381,CUST0148140,ORD00001381,2025-07-01T00:20,email,Scotland,25-34,English,30,fashion,135.94,6,3,Return request,Can someone check this? please tell me how to send this back. The order value is about GBP 135.94. Thanks.,return_request,high,negative,1,IMG_NORMAL_0021,0,19.53,0,0.0,3.6,0,resolved_within_7d,resolved_standard
TKT000000382,CUST0047324,ORD00001382,2025-04-04T19:12,web_chat,West Midlands,25-34,English,13,fashion,108.7,1,3,I want to return this,I need assistance because I would like to return the item. The order value is about GBP 108.70. Thanks. sent from mobile,return_request,medium,neutral,1,IMG_NORMAL_0022,0,9.66,0,0.0,4.6,0,resolved_within_7d,resolved_standard
TKT000000383,CUST0120526,ORD00001383,2025-04-10T12:07,mobile_app,Wales,45-54,Urdu,71,electronics,152.77,2,0,Can I send this back?,I need assistance because please tell me how to send this back. The order value is about GBP 152.77. Please get back to me. pls,return_request,high,positive,1,IMG_NORMAL_0023,0,27.04,1,113.61,3.3,0,resolved_within_7d,refund_or_return_completed
TKT000000384,CUST0189147,ORD00001384,2025-08-16T23:14,web_chat,London,35-44,English,7,beauty,89.08,5,2,Can I send this back?,"Support team, I want to start a return. The order value is about GBP 89.08. I need this resolved soon. pls",return_request,medium,negative,1,IMG_NORMAL_0024,1,28.61,1,86.6,,0,resolved_within_7d,specialist_escalation
TKT000000385,CUST0049977,ORD00001385,2025-11-03T00:21,web_chat,North West,25-34,English,24,fashion,145.56,3,0,I want to return this,"Support team, I would like to return the item. The order value is about GBP 145.56. Thank you. pls",return_request,medium,neutral,1,IMG_NORMAL_0025,0,17.61,0,0.0,4.3,0,resolved_within_7d,resolved_standard
TKT000000386,CUST0117724,ORD00001386,2025-08-22T09:15,web_chat,South West,45-54,English,29,electronics,192.13,6,3,I want to return this,"Support team, please tell me how to send this back. The order value is about GBP 192.13. Thanks. !!!",return_request,medium,negative,1,IMG_NORMAL_0026,1,33.45,0,0.0,2.8,0,resolved_within_7d,specialist_escalation
TKT000000387,CUST0008392,ORD00001387,2025-03-19T08:46,web_chat,Yorkshire,25-34,English,38,fashion,21.23,2,2,Can I send this back?,"Hi, please tell me how to send this back. The order value is about GBP 21.23. Please advise. sent from mobile",return_request,medium,neutral,1,IMG_NORMAL_0027,1,13.54,0,0.0,3.6,1,resolved_within_7d,specialist_escalation
TKT000000388,CUST0079170,ORD00001388,2025-11-22T20:54,web_chat,Scotland,45-54,English,10,sports,73.5,7,2,Return request,"Hi, I want to start a return. The order value is about GBP 73.50. Please advise. ...",return_request,medium,negative,1,IMG_NORMAL_0028,0,25.51,0,0.0,3.2,0,resolved_within_7d,resolved_standard
TKT000000389,CUST0012686,ORD00001389,2025-06-13T19:07,email,West Midlands,25-34,English,27,fashion,50.63,2,2,Can I send this back?,"Hi, please tell me how to send this back. The order value is about GBP 50.63. Can you confirm the next step? !!!",return_request,medium,neutral,1,IMG_NORMAL_0029,0,28.53,1,39.83,2.9,0,resolved_within_7d,refund_or_return_completed
TKT000000390,CUST0084159,ORD00001390,2025-09-18T05:21,email,Yorkshire,25-34,English,73,sports,59.52,0,3,Return request,Can someone check this? is this still within the return window. The order value is about GBP 59.52. I need this resolved soon. sent from mobile,return_request,urgent,negative,1,IMG_NORMAL_0030,0,25.5,0,0.0,3.6,0,resolved_within_7d,resolved_standard
TKT000000391,CUST0195444,ORD00001391,2025-02-22T09:08,mobile_app,North West,55-64,English,5,home,111.9,1,2,Return request,I need assistance because I want to start a return. The order value is about GBP 111.90. I need this resolved soon. thx,return_request,low,positive,1,IMG_NORMAL_0031,0,18.45,1,78.09,,0,resolved_within_7d,refund_or_return_completed
TKT000000392,CUST0060164,ORD00001392,2025-01-27T17:28,email,North West,45-54,English,6,electronics,374.05,2,2,Can I send this back?,"Hello, I want to start a return. The order value is about GBP 374.05. Can you confirm the next step?",return_request,high,negative,1,IMG_NORMAL_0032,1,21.81,0,0.0,,0,resolved_within_7d,specialist_escalation
TKT000000393,CUST0159763,ORD00001393,2025-11-10T15:17,web_chat,South West,55-64,English,12,home,87.2,0,0,I want to return this,I need assistance because is this still within the return window. The order value is about GBP 87.20. Thanks. thx,return_request,medium,neutral,1,IMG_NORMAL_0033,0,15.17,1,79.44,4.1,0,resolved_within_7d,refund_or_return_completed
TKT000000394,CUST0182577,ORD00001394,2025-07-17T11:50,phone,Yorkshire,45-54,English,98,home,72.2,1,0,Can I send this back?,Please help - I want to start a return. The order value is about GBP 72.20. Can you confirm the next step? sent from mobile,return_request,medium,positive,1,IMG_NORMAL_0034,0,6.14,0,0.0,4.4,0,resolved_within_7d,resolved_standard
TKT000000395,CUST0189386,ORD00001395,2025-03-10T00:53,web_chat,Northern Ireland,65+,English,10,grocery,75.94,2,1,Return request,Please help - please tell me how to send this back. The order value is about GBP 75.94. Please advise. pls,return_request,low,neutral,1,IMG_NORMAL_0035,0,23.82,1,42.86,3.5,0,resolved_within_7d,refund_or_return_completed
TKT000000396,CUST0145695,ORD00001396,2025-05-24T12:21,mobile_app,London,35-44,English,16,home,26.67,2,1,Can I send this back?,Please help - please tell me how to send this back. The order value is about GBP 26.67. Thanks. thx,return_request,medium,neutral,1,IMG_NORMAL_0036,1,27.33,0,0.0,2.9,0,resolved_within_7d,specialist_escalation
TKT000000397,CUST0093119,ORD00001397,2025-02-10T23:31,mobile_app,Scotland,25-34,English,32,appliances,479.56,10,3,I want to return this,Please help - I would like to return the item. The order value is about GBP 479.56. Please get back to me. #help,return_request,medium,negative,1,IMG_NORMAL_0037,1,45.99,0,0.0,2.3,0,resolved_within_7d,specialist_escalation
TKT000000398,CUST0081715,ORD00001398,2025-02-04T15:28,phone,North West,45-54,English,40,fashion,104.83,4,3,I want to return this,"Hello, I would like to return the item. The order value is about GBP 104.83. I need this resolved soon. ...",return_request,medium,negative,1,IMG_NORMAL_0038,1,34.74,1,70.95,2.0,0,resolved_within_7d,specialist_escalation
TKT000000399,CUST0092870,ORD00001399,2025-01-16T12:36,web_chat,Wales,35-44,English,115,electronics,205.17,0,3,Return request,Please help - I would like to return the item. The order value is about GBP 205.17. Please get back to me. sent from mobile,return_request,medium,negative,1,IMG_NORMAL_0039,1,34.66,0,0.0,1.8,0,resolved_within_7d,specialist_escalation
TKT000000400,CUST0013254,ORD00001400,2025-09-25T10:13,phone,London,25-34,English,37,home,140.63,1,0,I want to return this,"Support team, is this still within the return window. The order value is about GBP 140.63. I need this resolved soon. ...",return_request,medium,neutral,1,IMG_NORMAL_0040,0,17.58,1,96.38,4.1,0,resolved_within_7d,refund_or_return_completed
TKT000000401,CUST0128374,ORD00001401,2025-06-27T13:24,email,East Midlands,35-44,English,28,grocery,92.75,17,2,Return request,,return_request,high,negative,1,IMG_NORMAL_0041,1,54.26,1,69.49,1.7,0,resolved_within_7d,specialist_escalation
TKT000000402,CUST0042441,ORD00001402,2025-02-27T05:33,email,North West,35-44,English,25,sports,158.22,0,1,Return request,"Hi, I want to start a return. The order value is about GBP 158.22. Please get back to me. !!!",return_request,medium,neutral,1,IMG_NORMAL_0042,0,22.63,0,0.0,3.6,0,resolved_within_7d,resolved_standard
TKT000000403,CUST0009117,ORD00001403,2025-03-24T03:48,web_chat,North West,55-64,English,12,beauty,102.95,0,3,I want to return this,Please help - is this still within the return window. The order value is about GBP 102.95. I need this resolved soon.,return_request,medium,negative,1,IMG_NORMAL_0043,0,32.57,1,95.88,2.4,0,resolved_within_7d,refund_or_return_completed
TKT000000404,CUST0186255,ORD00001404,2025-01-16T22:46,phone,London,45-54,English,14,appliances,76.1,0,2,I want to return this,"Hello, I would like to return the item. The order value is about GBP 76.10. Can you confirm the next step? thx",return_request,medium,neutral,1,IMG_NORMAL_0044,1,31.51,1,54.32,3.0,0,resolved_within_7d,specialist_escalation
TKT000000405,CUST0006375,ORD00001405,2025-05-24T01:07,email,North West,65+,English,6,beauty,95.56,1,4,I want to return this,"Support team, is this still within the return window. The order value is about GBP 95.56. Thanks. !!!",return_request,low,neutral,1,IMG_NORMAL_0045,0,23.87,0,0.0,3.9,0,resolved_within_7d,resolved_standard
TKT000000406,CUST0124300,ORD00001406,2025-05-26T00:24,web_chat,West Midlands,45-54,English,5,fashion,68.83,1,4,Return request,"Support team, I would like to return the item. The order value is about GBP 68.83. Thanks. #help",return_request,medium,positive,1,IMG_NORMAL_0046,0,24.37,1,38.61,3.8,0,resolved_within_7d,refund_or_return_completed
TKT000000407,CUST0052408,ORD00001407,2025-11-25T21:04,web_chat,East Midlands,45-54,English,29,grocery,25.23,0,1,I want to return this,Please help - I want to start a return. The order value is about GBP 25.23. Thanks. ASAP,return_request,medium,neutral,1,IMG_NORMAL_0047,0,31.68,0,0.0,3.4,0,resolved_within_7d,resolved_standard
TKT000000408,CUST0065447,ORD00001408,2025-07-23T22:05,web_chat,North West,35-44,English,21,grocery,94.03,7,2,Return request,"Hello, I would like to return the item. The order value is about GBP 94.03. Thank you. pls",return_request,medium,negative,1,IMG_NORMAL_0048,0,27.33,0,0.0,3.2,0,resolved_within_7d,resolved_standard
TKT000000409,CUST0006722,ORD00001409,2025-02-28T12:16,email,South West,65+,English,59,electronics,102.69,2,2,Return request,Please help - I want to start a return. The order value is about GBP 102.69. I need this resolved soon. !!!,return_request,medium,neutral,1,IMG_NORMAL_0049,0,36.29,0,0.0,3.1,0,resolved_within_7d,resolved_standard
TKT000000410,CUST0008447,ORD00001410,2025-07-10T13:59,email,Yorkshire,45-54,English,43,home,21.22,2,1,I want to return this,Can someone check this? I would like to return the item. The order value is about GBP 21.22. Thank you. pls,return_request,medium,neutral,1,IMG_NORMAL_0050,0,8.25,0,0.0,4.7,0,resolved_within_7d,resolved_standard
TKT000000411,CUST0142749,ORD00001411,2025-12-23T18:52,email,Scotland,65+,English,49,electronics,132.78,1,3,Return request,"Hi, I would like to return the item. The order value is about GBP 132.78. I need this resolved soon. sent from mobile",return_request,medium,positive,1,IMG_NORMAL_0051,0,30.35,0,0.0,3.5,0,resolved_within_7d,resolved_standard
TKT000000412,CUST0152146,ORD00001412,2025-01-08T12:32,web_chat,East Midlands,55-64,English,13,sports,90.1,1,0,Return request,I need assistance because please tell me how to send this back. The order value is about GBP 90.10. Can you confirm the next step?,return_request,medium,neutral,1,IMG_NORMAL_0052,1,23.7,1,64.15,3.0,0,resolved_within_7d,specialist_escalation
TKT000000413,CUST0188257,ORD00001413,2025-07-06T00:36,email,South East,65+,English,22,beauty,404.6,13,1,I want to return this,Please help - please tell me how to send this back. The order value is about GBP 404.60. Can you confirm the next step? #help,return_request,medium,negative,1,IMG_NORMAL_0053,0,31.35,0,0.0,2.5,0,resolved_within_7d,resolved_standard
TKT000000414,CUST0140692,ORD00001414,2025-05-04T21:07,phone,London,45-54,English,11,electronics,263.8,1,0,Return request,"Hello, I would like to return the item. The order value is about GBP 263.80. Thank you. thx",return_request,low,neutral,1,IMG_NORMAL_0054,0,20.08,1,228.05,4.1,0,resolved_within_7d,refund_or_return_completed
TKT000000415,CUST0106996,ORD00001415,2025-07-04T21:52,email,South West,25-34,English,28,electronics,585.41,3,2,Can I send this back?,"Hello, I would like to return the item. The order value is about GBP 585.41. Thanks. #help",return_request,high,negative,1,IMG_NORMAL_0055,1,35.73,0,0.0,2.1,0,resolved_within_7d,specialist_escalation
TKT000000416,CUST0162600,ORD00001416,2025-10-17T03:30,mobile_app,South East,25-34,Urdu,38,fashion,21.67,1,3,Return request,I need assistance because I would like to return the item. The order value is about GBP 21.67. Please get back to me. ASAP,return_request,medium,neutral,1,IMG_NORMAL_0056,0,18.25,0,0.0,3.4,1,resolved_within_7d,resolved_standard
TKT000000417,CUST0089016,ORD00001417,2025-10-17T20:02,phone,London,25-34,English,8,home,75.37,9,2,I want to return this,"Hello, I would like to return the item. The order value is about GBP 75.37. Can you confirm the next step? ...",return_request,low,negative,1,IMG_NORMAL_0057,1,27.15,0,0.0,2.7,0,resolved_within_7d,specialist_escalation
TKT000000418,CUST0063630,ORD00001418,2025-09-23T08:51,web_chat,Wales,18-24,English,63,sports,74.6,5,0,Can I send this back?,I need assistance because is this still within the return window. The order value is about GBP 74.60. Please get back to me.,return_request,low,negative,1,IMG_NORMAL_0058,0,23.59,0,0.0,3.6,0,resolved_within_7d,resolved_standard
TKT000000419,CUST0074784,ORD00001419,2025-02-24T05:41,web_chat,Yorkshire,25-34,English,4,sports,49.98,16,3,Return request,"Support team, I want to start a return. The order value is about GBP 49.98. Thank you. sent from mobile",return_request,medium,negative,1,IMG_NORMAL_0059,1,61.56,1,47.43,1.1,0,resolved_within_7d,specialist_escalation
TKT000000420,CUST0119304,ORD00001420,2025-09-25T22:59,phone,Wales,35-44,English,103,appliances,180.16,2,0,Return request,"Hello, is this still within the return window. The order value is about GBP 180.16. Thanks. ASAP",return_request,medium,neutral,1,IMG_NORMAL_0060,0,25.11,1,176.7,4.0,0,resolved_within_7d,refund_or_return_completed
TKT000000421,CUST0095084,ORD00001421,2025-02-18T23:57,phone,,35-44,English,60,electronics,93.62,3,2,I want to return this,"Hi, I would like to return the item. The order value is about GBP 93.62. Thank you. !!!",return_request,low,negative,1,IMG_NORMAL_0061,0,19.6,0,0.0,3.6,0,resolved_within_7d,resolved_standard
TKT000000422,CUST0157715,ORD00001422,2025-05-18T05:52,email,Wales,55-64,English,51,fashion,86.07,0,1,Return request,I need assistance because I want to start a return. The order value is about GBP 86.07. Please get back to me. ...,return_request,low,negative,1,IMG_NORMAL_0062,0,15.24,0,0.0,2.8,0,resolved_within_7d,resolved_standard
TKT000000423,CUST0051890,ORD00001423,2025-08-18T06:50,email,Northern Ireland,65+,English,15,electronics,251.09,2,1,Can I send this back?,"Support team, I want to start a return. The order value is about GBP 251.09. I need this resolved soon. #help",return_request,low,negative,1,IMG_NORMAL_0063,0,7.68,0,0.0,3.9,0,resolved_within_7d,resolved_standard
TKT000000424,CUST0117967,ORD00001424,2025-05-10T09:48,email,North West,55-64,English,19,fashion,24.6,1,1,Return request,CAN SOMEONE CHECK THIS? I WOULD LIKE TO RETURN THE ITEM. THE ORDER VALUE IS ABOUT GBP 24.60. PLEASE ADVISE. #HELP,return_request,medium,negative,1,IMG_NORMAL_0064,1,30.98,0,0.0,2.2,0,resolved_within_7d,specialist_escalation
TKT000000425,CUST0077897,ORD00001425,2025-10-17T17:53,mobile_app,London,45-54,Punjabi,6,fashion,75.13,2,1,I want to return this,i need assistance because i would like to return the item. the order value is about gbp 75.13. thanks. #help,return_request,low,negative,1,IMG_NORMAL_0065,1,31.32,0,0.0,2.6,0,resolved_within_7d,specialist_escalation
TKT000000426,CUST0184590,ORD00001426,2025-08-11T17:10,mobile_app,Yorkshire,35-44,English,54,home,31.56,4,1,I want to return this,i need assistance because i would like to return the item. the order value is about gbp 31.56. thank you. ...,return_request,medium,negative,1,IMG_NORMAL_0066,1,31.96,1,29.57,3.1,0,resolved_within_7d,specialist_escalation
TKT000000427,CUST0000901,ORD00001427,2025-09-08T20:20,email,Wales,18-24,English,26,electronics,111.11,1,3,I want to return this,"Support team, I would like to return the item. The order value is about GBP 111.11. Please get back to me. thx",return_request,medium,negative,1,IMG_NORMAL_0067,0,22.28,1,108.66,3.5,0,resolved_within_7d,refund_or_return_completed
TKT000000428,CUST0177329,ORD00001428,2025-01-23T02:37,mobile_app,East Midlands,25-34,English,64,electronics,131.27,0,0,Return request,Please help - please tell me how to send this back. The order value is about GBP 131.27. I need this resolved soon. !!!,return_request,medium,positive,1,IMG_NORMAL_0068,0,19.87,1,131.23,3.5,0,resolved_within_7d,refund_or_return_completed
TKT000000429,CUST0086019,ORD00001429,2025-06-04T08:42,web_chat,London,35-44,English,38,fashion,23.45,9,0,Can I send this back?,I need assistance because please tell me how to send this back. The order value is about GBP 23.45. Please get back to me. pls,return_request,medium,neutral,1,IMG_NORMAL_0069,0,28.2,0,0.0,3.3,0,resolved_within_7d,resolved_standard
TKT000000430,CUST0072496,ORD00001430,2025-04-24T12:21,web_chat,South West,25-34,English,52,electronics,75.2,3,4,I want to return this,Please help - is this still within the return window. The order value is about GBP 75.20. Can you confirm the next step? sent from mobile,return_request,medium,negative,1,IMG_NORMAL_0070,1,27.97,0,0.0,2.9,0,resolved_within_7d,specialist_escalation
TKT000000431,CUST0074779,ORD00001431,2025-04-26T07:31,mobile_app,South West,65+,English,32,electronics,80.63,1,2,Return request,Please help - is this still within the return window. The order value is about GBP 80.63. Thanks. ASAP,return_request,medium,neutral,1,IMG_NORMAL_0071,0,21.88,0,0.0,4.2,0,resolved_within_7d,resolved_standard
TKT000000432,CUST0004723,ORD00001432,2025-04-17T12:01,email,West Midlands,25-34,English,50,electronics,60.46,4,2,Return request,Please help - I want to start a return. The order value is about GBP 60.46. Thanks. !!!,return_request,medium,neutral,1,IMG_NORMAL_0072,1,24.2,0,0.0,3.1,0,resolved_within_7d,specialist_escalation
TKT000000433,CUST0055773,ORD00001433,2025-11-04T10:36,email,North West,18-24,English,103,electronics,115.45,0,1,I want to return this,Please help - I would like to return the item. The order value is about GBP 115.45. Please get back to me. sent from mobile,return_request,medium,neutral,1,IMG_NORMAL_0073,1,36.17,0,0.0,,0,resolved_within_7d,specialist_escalation
TKT000000434,CUST0102437,ORD00001434,2025-09-20T02:16,web_chat,Yorkshire,55-64,Urdu,31,appliances,95.67,1,1,I want to return this,I need assistance because I want to start a return. The order value is about GBP 95.67. Thanks. pls,return_request,medium,neutral,1,IMG_NORMAL_0074,0,18.68,1,71.97,3.8,0,resolved_within_7d,refund_or_return_completed
TKT000000435,CUST0120763,ORD00001435,2025-05-31T14:45,email,South East,25-34,English,12,beauty,110.51,4,4,I want to return this,"Support team, I want to start a return. The order value is about GBP 110.51. Thanks. !!!",return_request,medium,positive,1,IMG_NORMAL_0075,0,27.29,0,0.0,2.3,0,resolved_within_7d,resolved_standard
TKT000000436,CUST0067574,ORD00001436,2025-04-03T05:29,email,Scotland,45-54,English,11,electronics,354.41,4,1,I want to return this,"Support team, please tell me how to send this back. The order value is about GBP 354.41. Thank you. ...",return_request,low,negative,1,IMG_NORMAL_0076,1,29.48,0,0.0,2.6,0,resolved_within_7d,specialist_escalation
TKT000000437,CUST0194972,ORD00001437,2025-04-03T06:13,web_chat,North West,55-64,English,23,appliances,131.06,1,1,Can I send this back?,"Support team, is this still within the return window. The order value is about GBP 131.06. Can you confirm the next step? ...",return_request,medium,negative,1,IMG_NORMAL_0077,0,7.5,0,0.0,3.6,0,resolved_within_7d,resolved_standard
TKT000000438,CUST0063514,ORD00001438,2025-12-05T05:23,email,South West,45-54,English,30,appliances,190.22,2,3,I want to return this,Please help - I want to start a return. The order value is about GBP 190.22. Can you confirm the next step? thx,return_request,medium,neutral,1,IMG_NORMAL_0078,0,23.23,1,135.65,3.4,0,resolved_within_7d,refund_or_return_completed
TKT000000439,CUST0002474,ORD00001439,2025-09-26T04:55,email,Wales,35-44,English,44,appliances,190.52,8,3,Can I send this back?,I need assistance because I want to start a return. The order value is about GBP 190.52. Can you confirm the next step? ...,return_request,medium,neutral,1,IMG_NORMAL_0079,1,33.78,0,0.0,2.9,0,resolved_within_7d,specialist_escalation
TKT000000440,CUST0017003,ORD00001440,2025-10-13T10:00,phone,West Midlands,25-34,English,17,toys,39.92,1,4,Return request,"Hi, is this still within the return window. The order value is about GBP 39.92. I need this resolved soon. !!!",return_request,medium,negative,1,IMG_NORMAL_0080,1,29.63,1,27.15,2.3,0,resolved_within_7d,specialist_escalation
TKT000000441,CUST0095946,ORD00001441,2025-06-24T00:55,email,Yorkshire,45-54,English,20,home,139.59,7,2,Return request,I need assistance because please tell me how to send this back. The order value is about GBP 139.59. Thank you.,return_request,high,negative,1,IMG_NORMAL_0081,0,20.4,0,0.0,3.4,0,resolved_within_7d,resolved_standard
TKT000000442,CUST0078400,ORD00001442,2025-09-19T20:15,mobile_app,South East,35-44,English,45,sports,75.44,0,4,I want to return this,Please help - please tell me how to send this back. The order value is about GBP 75.44. Can you confirm the next step?,return_request,medium,neutral,1,IMG_NORMAL_0082,0,18.25,0,0.0,4.3,0,resolved_within_7d,resolved_standard
TKT000000443,CUST0171233,ORD00001443,2025-05-22T05:34,email,Wales,35-44,English,7,fashion,91.33,15,1,I want to return this,Can someone check this? please tell me how to send this back. The order value is about GBP 91.33. Thanks. ...,return_request,high,negative,1,IMG_NORMAL_0083,1,53.32,0,0.0,1.1,0,resolved_within_7d,specialist_escalation
TKT000000444,CUST0067466,ORD00001444,2025-04-10T21:45,web_chat,South East,25-34,English,47,toys,51.59,8,1,Can I send this back?,"Hello, I would like to return the item. The order value is about GBP 51.59. Please advise. ...",return_request,medium,neutral,1,IMG_NORMAL_0084,1,25.35,0,0.0,3.6,0,resolved_within_7d,specialist_escalation
TKT000000445,CUST0019662,ORD00001445,2025-01-07T01:11,web_chat,South East,45-54,English,27,grocery,39.16,2,1,Can I send this back?,Can someone check this? please tell me how to send this back. The order value is about GBP 39.16. Can you confirm the next step? !!!,return_request,medium,neutral,1,IMG_NORMAL_0085,0,8.89,0,0.0,4.2,0,resolved_within_7d,resolved_standard
TKT000000446,CUST0093743,ORD00001446,2025-03-12T12:22,web_chat,South East,45-54,English,36,home,85.04,1,2,Can I send this back?,"Hello, I want to start a return. The order value is about GBP 85.04. Please get back to me. pls",return_request,low,neutral,1,IMG_NORMAL_0086,0,31.92,0,0.0,,0,resolved_within_7d,resolved_standard
TKT000000447,CUST0069651,ORD00001447,2025-02-03T03:15,email,Yorkshire,25-34,English,6,sports,163.82,1,2,Return request,Please help - I would like to return the item. The order value is about GBP 163.82. Thanks. ...,return_request,low,negative,1,IMG_NORMAL_0087,0,14.86,1,141.23,4.1,0,resolved_within_7d,refund_or_return_completed
TKT000000448,CUST0124929,ORD00001448,2025-04-24T00:29,email,North West,55-64,English,23,fashion,71.8,13,4,I want to return this,"Support team, I would like to return the item. The order value is about GBP 71.80. Can you confirm the next step? !!!",return_request,medium,negative,1,IMG_NORMAL_0088,1,49.93,1,57.83,1.2,0,resolved_within_7d,specialist_escalation
TKT000000449,CUST0138568,ORD00001449,2025-02-20T08:40,mobile_app,South East,35-44,English,18,toys,143.42,0,5,Return request,I need assistance because please tell me how to send this back. The order value is about GBP 143.42. I need this resolved soon. ASAP,return_request,medium,negative,1,IMG_NORMAL_0089,0,14.57,0,0.0,3.4,0,resolved_within_7d,resolved_standard
TKT000000450,CUST0071964,ORD00001450,2025-08-27T22:54,web_chat,Wales,18-24,English,12,fashion,50.08,5,3,I want to return this,I need assistance because is this still within the return window. The order value is about GBP 50.08. Please advise. sent from mobile,return_request,urgent,negative,1,IMG_NORMAL_0090,1,27.69,0,0.0,2.5,0,resolved_within_7d,specialist_escalation
TKT000000451,CUST0097264,ORD00001451,2025-07-28T13:11,mobile_app,North West,65+,Welsh,35,grocery,92.17,0,1,Return request,Please help - I want to start a return. The order value is about GBP 92.17. Thanks. ASAP,return_request,medium,neutral,1,IMG_NORMAL_0091,0,14.9,1,52.4,3.5,0,resolved_within_7d,refund_or_return_completed
TKT000000452,CUST0097550,ORD00001452,2025-06-07T18:52,phone,North West,65+,Urdu,17,fashion,92.53,3,1,I want to return this,"Support team, I would like to return the item. The order value is about GBP 92.53. Thanks. sent from mobile",return_request,low,positive,1,IMG_NORMAL_0092,0,28.82,0,0.0,3.2,0,resolved_within_7d,resolved_standard
TKT000000453,CUST0000782,ORD00001453,2025-06-09T06:43,web_chat,South East,45-54,English,51,fashion,411.35,1,0,Return request,I need assistance because I would like to return the item. The order value is about GBP 411.35. Can you confirm the next step? #help,return_request,medium,positive,1,IMG_NORMAL_0093,0,24.81,1,340.01,3.3,0,resolved_within_7d,refund_or_return_completed
TKT000000454,CUST0031377,ORD00001454,2025-12-14T14:07,email,Scotland,25-34,English,30,appliances,79.98,0,2,I want to return this,"Hi, I want to start a return. The order value is about GBP 79.98. Please advise. !!!",return_request,medium,neutral,1,IMG_NORMAL_0094,0,19.77,1,65.79,3.6,1,resolved_within_7d,refund_or_return_completed
TKT000000455,CUST0004012,ORD00001455,2025-09-12T15:02,web_chat,Yorkshire,25-34,English,14,appliances,966.28,4,2,Return request,"Hello, I want to start a return. The order value is about GBP 966.28. Can you confirm the next step? sent from mobile",return_request,medium,negative,1,IMG_NORMAL_0095,1,31.88,1,710.55,,0,resolved_within_7d,specialist_escalation
TKT000000456,CUST0078839,ORD00001456,2025-02-11T07:28,web_chat,South West,25-34,English,106,beauty,7.04,8,1,Can I send this back?,"Support team, I want to start a return. The order value is about GBP 7.04. Thanks. #help",return_request,medium,neutral,1,IMG_NORMAL_0096,0,41.07,1,6.61,2.5,0,resolved_within_7d,refund_or_return_completed
TKT000000457,CUST0070332,ORD00001457,2025-04-17T13:48,email,Wales,25-34,English,11,fashion,706.38,0,2,Return request,"Support team, I want to start a return. The order value is about GBP 706.38. Please advise. ASAP",return_request,medium,neutral,1,IMG_NORMAL_0097,0,13.62,0,0.0,3.8,0,resolved_within_7d,resolved_standard
TKT000000458,CUST0103639,ORD00001458,2025-08-01T18:55,email,West Midlands,55-64,Polish,10,fashion,90.65,1,1,Return request,"Hi, I want to start a return. The order value is about GBP 90.65. I need this resolved soon.",return_request,medium,negative,1,IMG_NORMAL_0098,0,27.08,1,80.64,3.1,0,resolved_within_7d,refund_or_return_completed
TKT000000459,CUST0163024,ORD00001459,2025-11-12T05:26,web_chat,London,25-34,English,29,toys,191.5,8,2,Return request,"Hello, is this still within the return window. The order value is about GBP 191.50. Thanks. !!!",return_request,medium,positive,1,IMG_NORMAL_0099,0,22.93,0,0.0,3.2,0,resolved_within_7d,resolved_standard
TKT000000460,CUST0071659,ORD00001460,2025-04-20T09:49,mobile_app,West Midlands,65+,English,28,electronics,100.72,1,0,Return request,I need assistance because I want to start a return. The order value is about GBP 100.72. Can you confirm the next step? #help,return_request,high,neutral,1,IMG_NORMAL_0100,1,26.33,0,0.0,3.3,0,resolved_within_7d,specialist_escalation
TKT000000461,CUST0004231,ORD00001461,2025-02-02T10:28,web_chat,Scotland,35-44,English,22,appliances,357.78,3,0,I want to return this,"Support team, I want to start a return. The order value is about GBP 357.78. Please get back to me. thx",return_request,low,positive,1,IMG_NORMAL_0101,0,28.37,0,0.0,3.2,0,resolved_within_7d,resolved_standard
TKT000000462,CUST0043031,ORD00001462,2025-10-22T09:46,mobile_app,North West,35-44,English,11,home,74.65,8,2,Return request,"Support team, I would like to return the item. The order value is about GBP 74.65. Please advise. ...",return_request,high,negative,1,IMG_NORMAL_0102,1,30.46,0,0.0,2.9,0,resolved_within_7d,specialist_escalation
TKT000000463,CUST0194278,ORD00001463,2025-11-05T09:35,mobile_app,Scotland,35-44,Welsh,25,fashion,39.38,1,1,I want to return this,Can someone check this? I would like to return the item. The order value is about GBP 39.38. Thanks. !!!,return_request,medium,neutral,1,IMG_NORMAL_0103,1,29.78,0,0.0,2.9,0,resolved_within_7d,specialist_escalation
TKT000000464,CUST0135839,ORD00001464,2025-02-07T13:06,email,South East,45-54,English,27,sports,55.99,11,2,Return request,Please help - please tell me how to send this back. The order value is about GBP 55.99. Please advise. ASAP,return_request,low,negative,1,IMG_NORMAL_0104,1,35.78,0,0.0,2.7,0,resolved_within_7d,specialist_escalation
TKT000000465,CUST0080300,ORD00001465,2025-04-27T04:28,web_chat,North West,35-44,English,6,grocery,42.86,1,0,I want to return this,Can someone check this? I want to start a return. The order value is about GBP 42.86. Thanks.,return_request,medium,negative,1,IMG_NORMAL_0105,0,21.18,1,28.93,,0,resolved_within_7d,refund_or_return_completed
TKT000000466,CUST0135397,ORD00001466,2025-11-23T01:17,mobile_app,Scotland,25-34,English,22,appliances,56.96,6,3,Return request,"Hello, is this still within the return window. The order value is about GBP 56.96. I need this resolved soon. thx",return_request,medium,neutral,1,IMG_NORMAL_0106,1,27.47,0,0.0,3.1,0,resolved_within_7d,specialist_escalation
TKT000000467,CUST0032582,ORD00001467,2025-09-07T09:00,mobile_app,Wales,25-34,English,34,home,207.41,2,4,Return request,I need assistance because is this still within the return window. The order value is about GBP 207.41. I need this resolved soon. sent from mobile,return_request,medium,negative,1,IMG_NORMAL_0107,1,38.28,1,125.57,2.3,1,resolved_within_7d,specialist_escalation
TKT000000468,CUST0172636,ORD00001468,2025-11-26T04:15,phone,Yorkshire,18-24,English,62,fashion,89.64,0,3,I want to return this,"Hello, please tell me how to send this back. The order value is about GBP 89.64. Thanks. ASAP",return_request,low,neutral,1,IMG_NORMAL_0108,1,25.42,0,0.0,3.3,0,resolved_within_7d,specialist_escalation
TKT000000469,CUST0023814,ORD00001469,2025-03-15T07:44,email,East Midlands,45-54,English,4,sports,74.6,2,2,Return request,Can someone check this? is this still within the return window. The order value is about GBP 74.60. I need this resolved soon. thx,return_request,medium,positive,1,IMG_NORMAL_0109,1,23.57,0,0.0,3.3,0,resolved_within_7d,specialist_escalation
TKT000000470,CUST0108342,ORD00001470,2025-02-18T09:10,web_chat,London,35-44,English,31,electronics,295.49,1,0,Return request,Can someone check this? I want to start a return. The order value is about GBP 295.49. Can you confirm the next step? #help,return_request,medium,negative,1,IMG_NORMAL_0110,0,17.02,0,0.0,3.6,0,resolved_within_7d,resolved_standard
TKT000000471,CUST0056528,ORD00001471,2025-07-23T04:21,web_chat,East Midlands,35-44,English,43,sports,79.44,3,3,I want to return this,"Support team, please tell me how to send this back. The order value is about GBP 79.44. Thanks. sent from mobile",return_request,medium,neutral,1,IMG_NORMAL_0111,0,25.93,1,66.48,3.5,0,resolved_within_7d,refund_or_return_completed
TKT000000472,CUST0146683,ORD00001472,2025-07-22T14:54,email,West Midlands,55-64,English,25,electronics,248.57,7,1,I want to return this,"Hello, I would like to return the item. The order value is about GBP 248.57. Thanks.",return_request,high,negative,1,IMG_NORMAL_0112,1,23.92,0,0.0,2.4,1,resolved_within_7d,specialist_escalation
TKT000000473,CUST0154515,ORD00001473,2025-07-22T03:02,email,Yorkshire,65+,English,24,electronics,53.68,3,2,Can I send this back?,"Support team, I want to start a return. The order value is about GBP 53.68. Thank you. !!!",return_request,medium,neutral,1,IMG_NORMAL_0113,0,21.91,0,0.0,3.1,0,resolved_within_7d,resolved_standard
TKT000000474,CUST0067838,ORD00001474,2025-06-03T21:20,web_chat,West Midlands,35-44,English,19,home,111.6,2,2,Return request,"Support team, I want to start a return. The order value is about GBP 111.60. Please get back to me. !!!",return_request,low,neutral,1,IMG_NORMAL_0114,0,23.68,0,0.0,3.3,0,resolved_within_7d,resolved_standard
TKT000000475,CUST0126075,ORD00001475,2025-12-20T19:01,email,Northern Ireland,55-64,English,24,appliances,204.93,2,3,Return request,Please help - is this still within the return window. The order value is about GBP 204.93. Thank you. ...,return_request,low,negative,1,IMG_NORMAL_0115,1,16.42,0,0.0,3.5,0,resolved_within_7d,specialist_escalation
TKT000000476,CUST0187405,ORD00001476,2025-10-12T13:56,mobile_app,London,18-24,English,21,electronics,327.43,1,2,Return request,Can someone check this? is this still within the return window. The order value is about GBP 327.43. Please get back to me. ASAP,return_request,high,neutral,1,IMG_NORMAL_0116,1,36.64,0,0.0,2.3,0,resolved_within_7d,specialist_escalation
TKT000000477,CUST0032825,ORD00001477,2025-06-04T10:35,email,Wales,35-44,English,56,electronics,259.06,2,3,Return request,"Hello, I want to start a return. The order value is about GBP 259.06. Thank you. sent from mobile",return_request,high,positive,1,IMG_NORMAL_0117,0,10.76,0,0.0,4.1,0,resolved_within_7d,resolved_standard
TKT000000478,CUST0122382,ORD00001478,2025-04-27T01:34,email,London,45-54,English,22,fashion,299.5,9,4,Can I send this back?,Please help - please tell me how to send this back. The order value is about GBP 299.50. Thank you. thx,return_request,low,negative,1,IMG_NORMAL_0118,1,29.76,0,0.0,2.7,0,resolved_within_7d,specialist_escalation
TKT000000479,CUST0032992,ORD00001479,2025-06-16T18:38,email,South East,25-34,English,7,toys,114.57,3,2,I want to return this,Can someone check this? please tell me how to send this back. The order value is about GBP 114.57. Thank you. ...,return_request,medium,negative,1,IMG_NORMAL_0119,0,16.23,0,0.0,3.4,0,resolved_within_7d,resolved_standard
TKT000000480,CUST0087219,ORD00001480,2025-09-29T02:34,phone,South West,18-24,English,18,sports,238.42,3,5,Return request,please help - is this still within the return window. the order value is about gbp 238.42. thank you. ...,return_request,high,neutral,1,IMG_NORMAL_0120,1,27.05,0,0.0,3.2,0,resolved_within_7d,specialist_escalation
TKT000000481,CUST0008657,ORD00001481,2025-03-15T22:24,mobile_app,Northern Ireland,45-54,English,57,electronics,603.76,2,1,I want to return this,Can someone check this? I want to start a return. The order value is about GBP 603.76. Thanks. sent from mobile,return_request,medium,positive,1,,0,17.29,0,0.0,3.8,0,resolved_within_7d,resolved_standard
TKT000000482,CUST0023359,ORD00001482,2025-11-24T23:35,email,North West,65+,English,12,sports,85.25,3,2,Where is my parcel?,Please help - I have been waiting for the parcel. It is around 3 days beyond the expected delivery date. Please advise. ASAP,delivery_late,medium,neutral,0,,0,18.75,0,0.0,3.7,0,resolved_within_7d,resolved_standard
TKT000000483,CUST0147962,ORD00001483,2025-03-17T17:38,phone,London,35-44,English,32,toys,118.32,0,1,Item arrived damaged,Can someone check this? the product is damaged. The order value is about GBP 118.32. I need this resolved soon. ...,damaged_item,medium,positive,0,,0,21.62,0,0.0,3.5,0,resolved_within_7d,resolved_standard
TKT000000484,CUST0149541,ORD00001484,2025-05-14T00:04,web_chat,North West,65+,English,25,electronics,176.16,4,1,Order still not here,I need assistance because tracking has not moved. It is around 4 days beyond the expected delivery date. Thanks. ASAP,delivery_late,medium,positive,0,,0,19.26,0,0.0,4.0,0,resolved_within_7d,resolved_standard
TKT000000485,CUST0171118,ORD00001485,2025-12-03T13:49,email,London,25-34,English,72,appliances,449.09,1,1,Cannot sign in,Please help - the login keeps failing. Can you confirm the next step?,account_access,low,positive,0,,0,15.16,0,0.0,4.1,0,resolved_within_7d,resolved_standard
TKT000000486,CUST0053940,ORD00001486,2025-12-03T04:48,phone,London,25-34,English,12,toys,115.97,1,2,Cannot sign in,"Hi, I cannot access my account. Can you confirm the next step? ASAP",account_access,medium,negative,0,,0,6.98,0,0.0,3.8,0,resolved_within_7d,resolved_standard
TKT000000487,CUST0064189,ORD00001487,2025-07-17T22:00,web_chat,South East,45-54,English,37,grocery,17.45,2,3,Return request,"Hi, is this still within the return window. The order value is about GBP 17.45. I need this resolved soon. ASAP",return_request,medium,negative,1,,0,17.23,0,0.0,3.4,0,resolved_within_7d,resolved_standard
TKT000000488,CUST0092447,ORD00001488,2025-09-22T05:07,email,East Midlands,25-34,Welsh,27,fashion,40.27,2,3,Card charged incorrectly,Please help - my payment failed but I see a charge. Thank you.,payment_issue,low,neutral,0,,1,32.79,0,0.0,2.9,0,resolved_within_7d,specialist_escalation
TKT000000489,CUST0153532,ORD00001489,2025-05-17T01:32,mobile_app,South East,18-24,English,14,home,99.57,1,1,Product question,I need assistance because please clarify the product details. Thank you. ...,product_question,medium,positive,0,,0,9.0,1,69.54,4.5,0,resolved_within_7d,refund_or_return_completed
TKT000000490,CUST0197907,ORD00001490,2025-05-07T15:10,web_chat,Northern Ireland,65+,English,13,electronics,78.79,1,0,Product is broken,Please help - the item arrived cracked. The order value is about GBP 78.79. Thank you. ...,damaged_item,medium,negative,0,,0,23.17,0,0.0,2.6,0,resolved_within_7d,resolved_standard
TKT000000491,CUST0198862,ORD00001491,2025-12-25T18:10,phone,London,45-54,English,69,sports,109.9,0,2,Card charged incorrectly,"Support team, checkout did not complete properly. Thank you. thx",payment_issue,medium,neutral,0,,0,29.8,0,0.0,3.2,0,resolved_within_7d,resolved_standard
TKT000000492,CUST0012708,ORD00001492,2025-05-07T07:13,web_chat,East Midlands,25-34,English,3,home,130.78,1,1,Refund has not arrived,"Hello, I still have not received my refund. The order value is about GBP 130.78. Please advise. #help",refund_status,low,positive,0,,0,19.67,0,0.0,3.8,0,resolved_within_7d,resolved_standard
TKT000000493,CUST0171960,ORD00001493,2025-09-11T22:30,email,Northern Ireland,25-34,English,27,sports,65.14,0,3,Can I send this back?,I need assistance because please tell me how to send this back. The order value is about GBP 65.14. Thank you. ...,return_request,low,negative,0,,0,18.84,1,39.09,,0,resolved_within_7d,refund_or_return_completed
TKT000000494,CUST0063502,ORD00001494,2025-05-31T13:15,web_chat,London,45-54,English,21,home,56.75,2,2,Login not working,I need assistance because the password reset is not working. Can you confirm the next step?,account_access,medium,positive,0,,0,9.12,0,0.0,4.2,0,resolved_within_7d,resolved_standard
TKT000000495,CUST0082820,ORD00001495,2025-12-11T06:24,email,East Midlands,25-34,English,24,home,157.45,2,1,Return request,Please help - I would like to return the item. The order value is about GBP 157.45. Please get back to me. pls,return_request,high,negative,0,,0,18.36,1,124.8,2.9,0,resolved_within_7d,refund_or_return_completed
TKT000000496,CUST0119013,ORD00001496,2025-08-15T04:41,web_chat,London,18-24,Punjabi,73,home,276.83,3,0,Product is broken,I need assistance because the item arrived cracked. The order value is about GBP 276.83. Please advise. #help,damaged_item,low,neutral,0,,0,27.89,1,238.71,3.6,0,resolved_within_7d,refund_or_return_completed
TKT000000497,CUST0151182,ORD00001497,2025-10-24T05:07,email,London,35-44,English,68,sports,91.3,2,1,Cannot sign in,"Support team, the login keeps failing. Thank you. ...",account_access,medium,positive,0,,0,13.68,0,0.0,3.7,0,resolved_within_7d,resolved_standard
TKT000000498,CUST0054677,ORD00001498,2025-10-02T11:24,email,Yorkshire,25-34,English,18,grocery,132.82,1,1,Return request,"Hello, please tell me how to send this back. The order value is about GBP 132.82. Please advise. thx",return_request,medium,negative,0,,0,19.04,1,85.23,3.6,0,resolved_within_7d,refund_or_return_completed
TKT000000499,CUST0171285,ORD00001499,2025-04-28T12:51,web_chat,Wales,25-34,English,103,electronics,168.55,0,1,Checkout charge issue,Please help - the card payment is incorrect. Can you confirm the next step? pls,payment_issue,medium,neutral,0,,0,26.75,1,155.42,,0,resolved_within_7d,refund_or_return_completed
TKT000000500,CUST0145823,ORD00001500,2025-09-15T17:25,mobile_app,West Midlands,55-64,English,31,electronics,204.81,9,1,Where is my parcel?,"Hello, tracking has not moved. It is around 9 days beyond the expected delivery date. Can you confirm the next step? ASAP",delivery_late,low,neutral,0,,0,25.24,0,0.0,3.2,0,resolved_within_7d,resolved_standard
TKT000000501,CUST0094619,ORD00001501,2025-10-19T07:04,email,Scotland,25-34,English,3,home,65.06,2,2,Warranty help,"Hi, I need help with the warranty. Thank you.",warranty,medium,neutral,1,,1,31.95,0,0.0,2.9,0,resolved_within_7d,specialist_escalation
TKT000000502,CUST0031526,ORD00001502,2025-10-23T16:41,email,West Midlands,45-54,English,44,toys,161.44,1,0,I want to return this,Please help - is this still within the return window. The order value is about GBP 161.44. Please advise. #help,return_request,medium,positive,0,,0,14.45,1,140.58,4.0,1,resolved_within_7d,refund_or_return_completed
TKT000000503,CUST0092513,ORD00001503,2025-03-17T19:03,mobile_app,London,25-34,English,5,appliances,191.07,12,2,Order still not here,I need assistance because I have been waiting for the parcel. It is around 12 days beyond the expected delivery date. Please advise. ...,delivery_late,medium,neutral,0,,0,26.24,0,0.0,3.7,0,resolved_within_7d,resolved_standard
TKT000000504,CUST0149143,ORD00001504,2025-02-14T03:13,email,Scotland,25-34,English,64,grocery,43.69,1,0,Product is broken,Please help - the product is damaged. The order value is about GBP 43.69. Can you confirm the next step?,damaged_item,medium,negative,1,,0,20.86,0,0.0,3.6,0,resolved_within_7d,resolved_standard
TKT000000505,CUST0191847,ORD00001505,2025-02-24T08:14,mobile_app,Scotland,18-24,English,23,appliances,418.13,1,2,Damage on arrival,"Hi, the box was crushed and the item is broken. The order value is about GBP 418.13. Thank you. ...",damaged_item,high,neutral,0,,0,28.84,1,302.74,3.3,0,resolved_within_7d,refund_or_return_completed
TKT000000506,CUST0098340,ORD00001506,2025-01-12T07:47,web_chat,North West,35-44,English,61,sports,302.34,0,4,Return request,Can someone check this? I would like to return the item. The order value is about GBP 302.34. Please advise.,return_request,medium,neutral,1,,0,17.54,1,213.88,3.8,0,resolved_within_7d,refund_or_return_completed
TKT000000507,CUST0001501,ORD00001507,2025-05-20T12:25,web_chat,North West,45-54,English,17,electronics,278.7,2,0,Refund pending,"Hi, I still have not received my refund. The order value is about GBP 278.70. Thank you. #help",refund_status,medium,negative,0,,1,21.93,1,185.48,2.8,0,resolved_within_7d,specialist_escalation
TKT000000508,CUST0079788,ORD00001508,2025-10-26T15:25,email,South West,25-34,English,14,grocery,38.32,0,0,Item arrived damaged,"Hello, the item arrived cracked. The order value is about GBP 38.32. Can you confirm the next step? thx",damaged_item,medium,negative,0,,1,27.17,1,30.7,2.6,0,resolved_within_7d,specialist_escalation
TKT000000509,CUST0076273,ORD00001509,2025-08-11T21:13,web_chat,East Midlands,45-54,English,42,beauty,85.25,1,1,Refund pending,Please help - I still have not received my refund. The order value is about GBP 85.25. Thank you. ...,refund_status,low,positive,1,,1,22.95,1,57.48,3.5,0,resolved_within_7d,specialist_escalation
TKT000000510,CUST0160577,ORD00001510,2025-06-30T11:05,web_chat,Yorkshire,25-34,English,37,beauty,63.73,2,0,Where is my refund?,"Hello, I still have not received my refund. The order value is about GBP 63.73. Please advise. ASAP",refund_status,medium,negative,0,,0,20.88,0,0.0,3.7,0,resolved_within_7d,resolved_standard
TKT000000511,CUST0019344,ORD00001511,2025-03-11T00:35,web_chat,Scotland,55-64,English,33,grocery,22.56,2,2,Refund has not arrived,Can someone check this? I still have not received my refund. The order value is about GBP 22.56. Can you confirm the next step? !!!,refund_status,medium,neutral,0,,0,19.79,0,0.0,3.4,0,resolved_within_7d,resolved_standard
TKT000000512,CUST0131021,ORD00001512,2025-08-27T21:43,email,South East,45-54,English,18,grocery,23.22,0,2,Refund has not arrived,"Hello, I still have not received my refund. The order value is about GBP 23.22. Thank you. sent from mobile",refund_status,medium,negative,0,,0,18.89,0,0.0,3.2,0,resolved_within_7d,resolved_standard
TKT000000513,CUST0122345,ORD00001513,2025-02-15T21:19,phone,South East,55-64,English,52,electronics,112.31,14,4,Tracking stopped,I need assistance because tracking stopped several days ago. It is around 14 days beyond the expected delivery date. Thank you. ASAP,lost_parcel,medium,negative,0,,1,52.66,1,96.13,1.3,0,resolved_within_7d,specialist_escalation
TKT000000514,CUST0185039,ORD00001514,2025-04-21T23:10,email,Yorkshire,35-44,English,73,fashion,75.92,3,1,Is this covered by warranty?,"Hello, the product stopped working under warranty. I need this resolved soon. ...",warranty,medium,positive,0,,0,28.18,0,0.0,3.7,0,resolved_within_7d,resolved_standard
TKT000000515,CUST0139418,ORD00001515,2025-09-28T19:29,web_chat,London,25-34,English,95,sports,44.08,1,5,Refund pending,"Support team, the refund is showing as pending. The order value is about GBP 44.08. I need this resolved soon. sent from mobile",refund_status,medium,negative,0,,0,21.16,1,38.59,,0,resolved_within_7d,refund_or_return_completed
TKT000000516,CUST0183942,ORD00001516,2025-11-07T06:37,email,South West,25-34,English,18,grocery,20.56,1,1,I want to return this,"Hi, is this still within the return window. The order value is about GBP 20.56. Thanks.",return_request,medium,positive,0,,0,15.82,0,0.0,,0,resolved_within_7d,resolved_standard
TKT000000517,CUST0054143,ORD00001517,2025-07-09T01:38,web_chat,Scotland,25-34,English,64,toys,27.81,2,3,Refund has not arrived,Can someone check this? the refund is showing as pending. The order value is about GBP 27.81. Thanks. thx,refund_status,medium,negative,0,,1,31.02,1,18.4,2.0,0,resolved_within_7d,specialist_escalation
TKT000000518,CUST0105353,ORD00001518,2025-03-09T12:24,web_chat,East Midlands,45-54,English,58,home,186.77,7,1,Delivery delayed,Please help - tracking has not moved. It is around 7 days beyond the expected delivery date. I need this resolved soon. ASAP,delivery_late,medium,negative,0,,1,25.25,0,0.0,,0,resolved_within_7d,specialist_escalation
TKT000000519,CUST0165568,ORD00001519,2025-10-11T01:34,web_chat,West Midlands,25-34,English,18,beauty,33.8,2,0,Checkout charge issue,"Support team, I was charged twice. Please advise. ...",payment_issue,medium,neutral,0,,0,25.12,1,24.83,4.1,0,resolved_within_7d,refund_or_return_completed
TKT000000520,CUST0094380,ORD00001520,2025-12-16T13:41,phone,London,55-64,English,44,electronics,149.4,0,1,Refund has not arrived,Can someone check this? I returned the item but no refund is visible. The order value is about GBP 149.40. Thank you. pls,refund_status,medium,positive,0,,0,19.41,0,0.0,3.7,0,resolved_within_7d,resolved_standard
TKT000000521,CUST0167313,ORD00001521,2025-12-14T02:26,web_chat,North West,45-54,Welsh,14,beauty,40.0,2,0,Account access problem,"Support team, the password reset is not working. Thank you. pls",account_access,low,negative,0,,0,11.05,0,0.0,4.1,0,resolved_within_7d,resolved_standard
TKT000000522,CUST0121842,ORD00001522,2025-06-16T02:46,email,London,35-44,English,35,appliances,244.79,4,1,Delivery delayed,"Hi, I have been waiting for the parcel. It is around 4 days beyond the expected delivery date. Please get back to me. #help",delivery_late,medium,positive,0,,1,20.12,0,0.0,3.7,0,resolved_within_7d,specialist_escalation
TKT000000523,CUST0131588,ORD00001523,2025-11-09T18:54,web_chat,Northern Ireland,25-34,English,60,fashion,61.23,4,0,Order still not here,Can someone check this? my order is late. It is around 4 days beyond the expected delivery date. Thanks. #help,delivery_late,medium,positive,0,,0,18.87,0,0.0,4.2,0,resolved_within_7d,resolved_standard
TKT000000524,CUST0087539,ORD00001524,2025-08-25T07:27,web_chat,Yorkshire,35-44,English,35,sports,33.5,1,1,Refund pending,Please help - please check my refund status. The order value is about GBP 33.50. Please advise. sent from mobile,refund_status,medium,positive,0,,0,28.79,1,20.26,3.2,0,resolved_within_7d,refund_or_return_completed
TKT000000525,CUST0062623,ORD00001525,2025-07-19T21:46,web_chat,West Midlands,65+,English,11,electronics,69.91,1,0,Refund pending,i need assistance because the refund is showing as pending. the order value is about gbp 69.91. please get back to me. asap,refund_status,low,positive,0,,0,20.9,1,57.07,,0,resolved_within_7d,refund_or_return_completed
TKT000000526,CUST0119432,ORD00001526,2025-08-30T00:11,web_chat,Scotland,25-34,English,29,home,224.17,3,1,Checkout charge issue,"Support team, I was charged twice. Please get back to me. pls",payment_issue,medium,negative,0,,0,23.48,0,0.0,,0,resolved_within_7d,resolved_standard
TKT000000527,CUST0169724,ORD00001527,2025-12-05T07:56,phone,London,25-34,English,61,electronics,64.08,1,2,Refund has not arrived,"Support team, the refund is showing as pending. The order value is about GBP 64.08. Please advise. ASAP",refund_status,medium,positive,0,,0,21.5,0,0.0,3.3,0,resolved_within_7d,resolved_standard
TKT000000528,CUST0136026,ORD00001528,2025-08-18T14:18,web_chat,South East,35-44,English,37,grocery,32.73,9,0,Delivery delayed,I need assistance because tracking has not moved. It is around 9 days beyond the expected delivery date. Thanks. sent from mobile,delivery_late,low,neutral,0,,0,21.73,0,0.0,3.7,0,resolved_within_7d,resolved_standard
TKT000000529,CUST0168105,ORD00001529,2025-11-23T11:16,mobile_app,London,45-54,Polish,56,beauty,69.18,3,2,Payment problem,"Hello, I was charged twice. Thank you. !!!",payment_issue,low,neutral,0,,0,28.76,0,0.0,3.4,0,resolved_within_7d,resolved_standard
TKT000000530,CUST0076988,ORD00001530,2025-03-21T05:35,mobile_app,London,18-24,English,52,fashion,39.55,0,1,Payment problem,"Hello, the card payment is incorrect. Thank you. thx",payment_issue,high,neutral,0,,0,23.57,0,0.0,2.9,0,resolved_within_7d,resolved_standard
TKT000000531,CUST0089571,ORD00001531,2025-09-29T00:32,email,South East,35-44,English,74,fashion,67.58,1,0,Is this covered by warranty?,Can someone check this? I need help with the warranty. Please advise. sent from mobile,warranty,medium,neutral,0,,0,23.67,0,0.0,2.9,0,resolved_within_7d,resolved_standard
TKT000000532,CUST0083036,ORD00001532,2025-10-12T14:23,web_chat,East Midlands,25-34,Polish,9,appliances,312.81,7,0,Delivery delayed,I need assistance because the delivery date has passed. It is around 7 days beyond the expected delivery date. Can you confirm the next step? pls,delivery_late,medium,negative,0,,1,22.57,0,0.0,2.9,0,resolved_within_7d,specialist_escalation
TKT000000533,CUST0081254,ORD00001533,2025-11-16T15:55,web_chat,West Midlands,45-54,English,65,appliances,531.04,7,5,Where is my parcel?,Please help - the delivery date has passed. It is around 7 days beyond the expected delivery date. Can you confirm the next step? pls,delivery_late,medium,neutral,0,,1,37.13,0,0.0,3.0,0,resolved_within_7d,specialist_escalation
TKT000000534,CUST0092221,ORD00001534,2025-02-27T15:57,web_chat,Scotland,45-54,English,70,fashion,33.77,1,4,Damage on arrival,I need assistance because there is visible damage. The order value is about GBP 33.77. I need this resolved soon. ASAP,damaged_item,low,negative,0,,1,33.84,1,22.44,2.3,0,resolved_within_7d,specialist_escalation
TKT000000535,CUST0189073,ORD00001535,2025-09-24T10:44,mobile_app,South East,25-34,English,61,toys,48.18,8,2,Where is my parcel?,"Hello, I have been waiting for the parcel. It is around 8 days beyond the expected delivery date. Thank you. ASAP",delivery_late,medium,neutral,0,,0,26.77,0,0.0,3.9,0,resolved_within_7d,resolved_standard
TKT000000536,CUST0017214,ORD00001536,2025-11-27T14:48,email,London,65+,English,81,fashion,52.92,2,0,Damage on arrival,"Support team, the item arrived cracked. The order value is about GBP 52.92. Thank you. ASAP",damaged_item,medium,negative,0,,0,24.6,1,44.03,2.7,0,resolved_within_7d,refund_or_return_completed
TKT000000537,CUST0109809,ORD00001537,2025-04-17T03:32,mobile_app,North West,25-34,English,80,home,40.01,0,2,Payment problem,I need assistance because my payment failed but I see a charge. Please get back to me. thx,payment_issue,low,negative,0,,0,20.45,0,0.0,3.6,0,resolved_within_7d,resolved_standard
TKT000000538,CUST0000910,ORD00001538,2025-08-24T00:59,email,East Midlands,55-64,English,16,electronics,163.07,1,0,Wrong item delivered,Can someone check this? you sent a different product. The order value is about GBP 163.07. Thanks. #help,wrong_item,low,negative,1,,0,18.66,1,115.4,3.4,0,resolved_within_7d,refund_or_return_completed
TKT000000539,CUST0193288,ORD00001539,2025-02-08T20:27,email,Wales,45-54,English,36,toys,106.01,8,4,Tracking stopped,Can someone check this? tracking stopped several days ago. It is around 8 days beyond the expected delivery date. Thank you. ...,lost_parcel,medium,negative,0,,1,56.54,0,0.0,1.0,0,resolved_within_7d,specialist_escalation
TKT000000540,CUST0157895,ORD00001540,2025-10-27T11:54,mobile_app,Yorkshire,45-54,English,25,electronics,143.1,0,3,Wrong item delivered,Can someone check this? this is the incorrect item. The order value is about GBP 143.10. Thank you. ASAP,wrong_item,medium,neutral,0,,0,17.81,1,106.33,,0,resolved_within_7d,refund_or_return_completed
TKT000000541,CUST0012285,ORD00001541,2025-03-12T10:48,phone,,35-44,English,35,beauty,223.94,0,4,Wrong item delivered,I need assistance because I received the wrong colour or model. The order value is about GBP 223.94. Thank you. !!!,wrong_item,medium,positive,1,,1,27.06,0,0.0,3.6,0,resolved_within_7d,specialist_escalation
TKT000000542,CUST0182453,ORD00001542,2025-05-12T23:03,web_chat,Scotland,55-64,English,44,electronics,159.19,2,2,Refund has not arrived,I need assistance because I still have not received my refund. The order value is about GBP 159.19. Thanks. sent from mobile,refund_status,urgent,negative,0,,1,27.4,0,0.0,2.8,0,resolved_within_7d,specialist_escalation
TKT000000543,CUST0152997,ORD00001543,2025-09-08T02:57,email,South East,45-54,English,33,toys,205.16,7,1,Delivery delayed,Can someone check this? the delivery date has passed. It is around 7 days beyond the expected delivery date. Can you confirm the next step? #help,delivery_late,low,neutral,0,,0,22.99,0,0.0,3.7,0,resolved_within_7d,resolved_standard
TKT000000544,CUST0096488,ORD00001544,2025-06-15T09:54,web_chat,Scotland,18-24,English,7,sports,111.98,3,4,I want to return this,Please help - is this still within the return window. The order value is about GBP 111.98. I need this resolved soon. #help,return_request,medium,positive,1,,0,23.55,1,102.19,3.4,0,resolved_within_7d,refund_or_return_completed
TKT000000545,CUST0167744,ORD00001545,2025-08-16T18:09,mobile_app,West Midlands,45-54,English,50,sports,104.52,2,2,Card charged incorrectly,I need assistance because I was charged twice. Please advise. !!!,payment_issue,medium,positive,0,,0,27.84,0,0.0,3.3,0,resolved_within_7d,resolved_standard
TKT000000546,CUST0194425,ORD00001546,2025-07-30T22:09,phone,South West,65+,English,23,appliances,288.24,0,3,Question before using item,"Support team, I have a question about compatibility. Thank you. thx",product_question,medium,negative,0,,1,12.93,0,0.0,3.5,0,resolved_within_7d,specialist_escalation
TKT000000547,CUST0019211,ORD00001547,2025-06-08T19:14,phone,West Midlands,25-34,English,66,electronics,252.73,10,5,Where is my parcel?,I need assistance because I have been waiting for the parcel. It is around 10 days beyond the expected delivery date. Thanks.,delivery_late,urgent,neutral,0,,1,41.89,0,0.0,1.6,0,resolved_within_7d,specialist_escalation
TKT000000548,CUST0093387,ORD00001548,2025-09-18T12:34,email,South East,35-44,English,9,electronics,312.64,0,1,This is not what I ordered,Please help - this is the incorrect item. The order value is about GBP 312.64. Thanks. #help,wrong_item,medium,negative,1,,0,18.39,0,0.0,2.8,0,resolved_within_7d,resolved_standard
TKT000000549,CUST0138228,ORD00001549,2025-12-08T06:48,web_chat,South East,55-64,English,29,sports,31.19,1,3,Can I send this back?,"Hi, I want to start a return. The order value is about GBP 31.19. Please get back to me. pls",return_request,medium,neutral,1,,0,15.89,1,22.25,4.2,0,resolved_within_7d,refund_or_return_completed
TKT000000550,CUST0175423,ORD00001550,2025-07-07T11:47,mobile_app,Scotland,25-34,English,8,appliances,322.73,0,2,Incorrect product received,"Support team, you sent a different product. The order value is about GBP 322.73. Thank you. ASAP",wrong_item,medium,neutral,0,,0,19.29,0,0.0,3.2,0,resolved_within_7d,resolved_standard
TKT000000551,CUST0155852,ORD00001551,2025-05-09T00:13,phone,London,18-24,English,26,beauty,69.9,9,0,Order still not here,I need assistance because tracking has not moved. It is around 9 days beyond the expected delivery date. Please get back to me. !!!,delivery_late,medium,neutral,0,,0,20.94,0,0.0,3.3,0,resolved_within_7d,resolved_standard
TKT000000552,CUST0061057,ORD00001552,2025-10-01T23:04,web_chat,East Midlands,55-64,English,50,sports,67.74,0,2,I want to return this,Please help - please tell me how to send this back. The order value is about GBP 67.74. I need this resolved soon. !!!,return_request,high,negative,0,,0,23.1,1,59.15,3.2,0,resolved_within_7d,refund_or_return_completed
TKT000000553,CUST0022367,ORD00001553,2025-05-07T19:13,email,West Midlands,45-54,English,13,electronics,76.51,1,0,Return request,"Hello, I would like to return the item. The order value is about GBP 76.51. Thanks. ASAP",return_request,medium,positive,1,,0,13.62,0,0.0,3.8,0,resolved_within_7d,resolved_standard
TKT000000554,CUST0124818,ORD00001554,2025-07-21T02:38,web_chat,North West,65+,English,32,home,91.53,3,0,Delivery delayed,Can someone check this? I have been waiting for the parcel. It is around 3 days beyond the expected delivery date. I need this resolved soon.,delivery_late,medium,neutral,0,,0,16.96,0,0.0,4.2,0,resolved_within_7d,resolved_standard
TKT000000555,CUST0090253,ORD00001555,2025-05-02T16:28,email,London,55-64,English,13,appliances,137.33,1,2,Can I send this back?,Can someone check this? I want to start a return. The order value is about GBP 137.33. Thank you. #help,return_request,medium,neutral,0,,0,25.96,1,75.59,3.8,0,resolved_within_7d,refund_or_return_completed
TKT000000556,CUST0021156,ORD00001556,2025-09-19T21:34,web_chat,East Midlands,45-54,English,18,fashion,91.16,0,3,Payment problem,Can someone check this? the card payment is incorrect. Please get back to me. !!!,payment_issue,medium,neutral,0,,0,23.55,0,0.0,3.9,0,resolved_within_7d,resolved_standard
TKT000000557,CUST0128868,ORD00001557,2025-04-14T23:13,email,Yorkshire,55-64,English,39,sports,60.02,0,1,Checkout charge issue,Please help - I was charged twice. I need this resolved soon. thx,payment_issue,high,negative,0,,1,24.07,0,0.0,3.0,0,resolved_within_7d,specialist_escalation
TKT000000558,CUST0000656,ORD00001558,2025-11-11T16:24,email,West Midlands,35-44,English,47,fashion,318.3,2,2,Item arrived damaged,Please help - the item arrived cracked. The order value is about GBP 318.30. Please advise. thx,damaged_item,medium,neutral,1,,1,32.0,1,312.59,2.6,0,resolved_within_7d,specialist_escalation
TKT000000559,CUST0019003,ORD00001559,2025-05-19T05:59,web_chat,West Midlands,45-54,English,51,electronics,179.13,0,0,Account access problem,Please help - the password reset is not working. Thanks. ASAP,account_access,medium,neutral,0,,0,6.5,0,0.0,4.2,0,resolved_within_7d,resolved_standard
TKT000000560,CUST0161254,ORD00001560,2025-10-28T12:57,phone,West Midlands,65+,English,32,electronics,724.62,0,1,This is not what I ordered,"Hi, I received the wrong colour or model. The order value is about GBP 724.62. I need this resolved soon. pls",wrong_item,medium,positive,1,,1,21.81,0,0.0,3.3,0,resolved_within_7d,specialist_escalation
TKT000000561,CUST0142242,ORD00001561,2025-07-30T03:35,web_chat,London,35-44,English,15,beauty,85.04,1,1,Refund pending,"Hello, please check my refund status. The order value is about GBP 85.04. Thank you. ...",refund_status,medium,negative,0,,0,24.14,0,0.0,2.5,0,resolved_within_7d,resolved_standard
TKT000000562,CUST0044809,ORD00001562,2025-09-10T12:17,web_chat,West Midlands,25-34,English,26,sports,55.9,7,2,Delivery delayed,Can someone check this? the delivery date has passed. It is around 7 days beyond the expected delivery date. Please advise. thx,delivery_late,medium,neutral,0,,0,21.47,0,0.0,4.0,0,resolved_within_7d,resolved_standard
TKT000000563,CUST0006989,ORD00001563,2025-08-31T13:09,web_chat,London,25-34,English,76,home,163.54,1,2,Item arrived damaged,"Hello, the item arrived cracked. The order value is about GBP 163.54. Can you confirm the next step? ...",damaged_item,medium,neutral,1,,0,24.68,1,103.67,3.9,0,resolved_within_7d,refund_or_return_completed
TKT000000564,CUST0153233,ORD00001564,2025-05-29T08:31,web_chat,West Midlands,45-54,English,29,sports,111.51,3,1,Incorrect product received,"Hello, you sent a different product. The order value is about GBP 111.51. Thanks. pls",wrong_item,low,negative,1,,0,21.68,0,0.0,2.6,0,resolved_within_7d,resolved_standard
TKT000000565,CUST0078166,ORD00001565,2025-03-24T06:57,email,South West,25-34,English,51,fashion,257.13,0,1,Checkout charge issue,Please help - the card payment is incorrect. Thank you. ASAP,payment_issue,high,neutral,1,,0,21.12,0,0.0,4.3,0,resolved_within_7d,resolved_standard
TKT000000566,CUST0105636,ORD00001566,2025-10-10T00:45,email,Scotland,35-44,English,28,fashion,68.55,8,1,Delivery delayed,"Hi, my order is late. It is around 8 days beyond the expected delivery date. Thanks. !!!",delivery_late,medium,neutral,0,,0,29.73,0,0.0,3.2,0,resolved_within_7d,resolved_standard
TKT000000567,CUST0068693,ORD00001567,2025-02-21T23:46,phone,London,25-34,English,6,electronics,657.25,8,2,Delivery delayed,"Hi, tracking has not moved. It is around 8 days beyond the expected delivery date. Thank you. pls",delivery_late,medium,neutral,0,,1,28.62,0,0.0,2.7,0,resolved_within_7d,specialist_escalation
TKT000000568,CUST0182140,ORD00001568,2025-01-17T17:16,mobile_app,Yorkshire,25-34,English,9,appliances,163.58,1,3,Item arrived damaged,I need assistance because the product is damaged. The order value is about GBP 163.58. I need this resolved soon. thx,damaged_item,medium,negative,1,,1,29.08,1,135.64,3.0,1,resolved_within_7d,specialist_escalation
TKT000000569,CUST0022846,ORD00001569,2025-06-28T11:46,web_chat,North West,45-54,English,11,home,38.6,0,3,Incorrect product received,Can someone check this? you sent a different product. The order value is about GBP 38.60. Thank you. ...,wrong_item,high,positive,0,,0,23.28,1,24.45,3.7,0,resolved_within_7d,refund_or_return_completed
TKT000000570,CUST0141409,ORD00001570,2025-04-08T20:24,email,West Midlands,25-34,English,43,toys,114.74,9,1,Delivery delayed,I need assistance because the delivery date has passed. It is around 9 days beyond the expected delivery date. Can you confirm the next step?,delivery_late,medium,negative,0,,0,20.97,0,0.0,2.9,0,resolved_within_7d,resolved_standard
TKT000000571,CUST0154470,ORD00001571,2025-08-09T04:42,web_chat,Scotland,18-24,English,29,fashion,60.0,3,3,Wrong item delivered,"Support team, this is the incorrect item. The order value is about GBP 60.00. Thank you.",wrong_item,medium,neutral,0,,0,22.17,1,46.11,3.7,0,resolved_within_7d,refund_or_return_completed
TKT000000572,CUST0086302,ORD00001572,2025-01-03T21:05,email,Yorkshire,55-64,English,59,beauty,47.34,10,4,Delivery delayed,Can someone check this? I have been waiting for the parcel. It is around 10 days beyond the expected delivery date. I need this resolved soon. pls,delivery_late,high,negative,0,,1,31.83,0,0.0,1.7,0,resolved_within_7d,specialist_escalation
TKT000000573,CUST0027339,ORD00001573,2025-09-06T21:31,email,London,45-54,Romanian,37,fashion,99.76,4,2,Where is my parcel?,Please help - tracking has not moved. It is around 4 days beyond the expected delivery date. Please get back to me. ASAP,delivery_late,low,negative,0,,1,29.73,0,0.0,,0,resolved_within_7d,specialist_escalation
TKT000000574,CUST0028822,ORD00001574,2025-08-19T16:35,mobile_app,London,55-64,English,59,electronics,77.1,2,2,Card charged incorrectly,Can someone check this? my payment failed but I see a charge. Can you confirm the next step? ...,payment_issue,medium,negative,0,,1,27.75,0,0.0,3.2,0,resolved_within_7d,specialist_escalation
TKT000000575,CUST0053198,ORD00001575,2025-03-20T10:47,web_chat,South West,45-54,English,84,sports,59.67,1,1,Login not working,Can someone check this? I cannot access my account. Please get back to me. !!!,account_access,medium,neutral,0,,0,10.78,0,0.0,3.9,0,resolved_within_7d,resolved_standard
TKT000000576,CUST0052281,ORD00001576,2025-05-19T13:01,email,South East,35-44,English,14,electronics,231.8,1,1,Question before using item,Can someone check this? I need more information about the product. Can you confirm the next step? ASAP,product_question,medium,negative,0,,0,8.31,0,0.0,4.3,0,resolved_within_7d,resolved_standard
TKT000000577,CUST0155666,ORD00001577,2025-11-02T15:13,email,North West,35-44,English,27,toys,25.53,3,2,Checkout charge issue,"Support team, my payment failed but I see a charge. I need this resolved soon. !!!",payment_issue,high,negative,0,,1,35.0,0,0.0,2.0,0,resolved_within_7d,specialist_escalation
TKT000000578,CUST0011739,ORD00001578,2025-03-14T13:52,mobile_app,South East,35-44,English,39,sports,58.2,0,2,Incorrect product received,I need assistance because I received the wrong colour or model. The order value is about GBP 58.20. I need this resolved soon. !!!,wrong_item,medium,negative,0,,1,22.49,1,49.67,2.5,0,resolved_within_7d,specialist_escalation
TKT000000579,CUST0063285,ORD00001579,2025-02-22T20:25,web_chat,East Midlands,35-44,English,40,grocery,51.61,1,2,Where is my refund?,Can someone check this? I returned the item but no refund is visible. The order value is about GBP 51.61. Can you confirm the next step? #help,refund_status,medium,positive,0,,0,18.61,0,0.0,3.5,0,resolved_within_7d,resolved_standard
TKT000000580,CUST0107075,ORD00001580,2025-02-21T03:58,web_chat,East Midlands,35-44,English,28,home,103.67,2,0,Item arrived damaged,"hello, there is visible damage. the order value is about gbp 103.67. please advise. sent from mobile",damaged_item,medium,neutral,1,,0,26.03,1,59.35,4.3,0,resolved_within_7d,refund_or_return_completed
TKT000000581,CUST0088666,ORD00001581,2025-03-04T03:32,email,South West,45-54,English,46,electronics,158.9,12,3,Parcel appears lost,"Hi, tracking stopped several days ago. It is around 12 days beyond the expected delivery date. Thanks. ...",lost_parcel,low,negative,0,,1,48.3,1,155.82,2.4,0,resolved_within_7d,specialist_escalation
TKT000000582,CUST0084419,ORD00001582,2025-05-31T03:24,mobile_app,Yorkshire,45-54,English,7,sports,79.44,1,0,Item arrived damaged,Please help - there is visible damage. The order value is about GBP 79.44. I need this resolved soon. pls,damaged_item,medium,neutral,1,,0,25.35,1,59.8,3.5,0,resolved_within_7d,refund_or_return_completed
TKT000000583,CUST0192580,ORD00001583,2025-09-24T02:57,web_chat,Northern Ireland,25-34,English,19,electronics,110.74,14,0,Courier cannot locate parcel,Can someone check this? tracking stopped several days ago. It is around 14 days beyond the expected delivery date. Can you confirm the next step? !!!,lost_parcel,urgent,negative,0,,0,44.93,1,66.13,1.8,0,resolved_within_7d,refund_or_return_completed
TKT000000584,CUST0073895,ORD00001584,2025-06-20T02:07,web_chat,East Midlands,25-34,English,37,electronics,243.44,1,4,Account access problem,"Support team, the password reset is not working. Can you confirm the next step? pls",account_access,medium,negative,0,,0,11.61,0,0.0,3.6,0,resolved_within_7d,resolved_standard
TKT000000585,CUST0033044,ORD00001585,2025-08-28T22:08,email,West Midlands,55-64,English,18,grocery,15.13,2,2,Need product information,I need assistance because can you explain a product feature. Thank you. !!!,product_question,high,neutral,0,,1,16.14,0,0.0,4.0,0,resolved_within_7d,specialist_escalation
TKT000000586,CUST0053754,ORD00001586,2025-10-11T09:16,web_chat,London,35-44,English,53,fashion,31.65,2,0,Where is my parcel?,"Support team, tracking has not moved. It is around 2 days beyond the expected delivery date. I need this resolved soon. #help",delivery_late,low,neutral,0,,0,13.05,0,0.0,4.3,0,resolved_within_7d,resolved_standard
TKT000000587,CUST0134536,ORD00001587,2025-05-13T20:11,web_chat,London,45-54,English,56,appliances,158.92,2,4,Product is broken,"Support team, there is visible damage. The order value is about GBP 158.92. Please get back to me. ASAP",damaged_item,low,neutral,0,,1,30.83,0,0.0,2.9,0,resolved_within_7d,specialist_escalation
TKT000000588,CUST0138587,ORD00001588,2025-04-24T04:56,phone,London,55-64,English,17,appliances,231.79,2,1,Login not working,Please help - I cannot access my account. Please advise.,account_access,medium,neutral,0,,1,14.23,0,0.0,4.2,0,resolved_within_7d,specialist_escalation
TKT000000589,CUST0079500,ORD00001589,2025-09-16T23:50,mobile_app,South West,55-64,English,31,electronics,106.6,1,1,Item arrived damaged,"Hi, the box was crushed and the item is broken. The order value is about GBP 106.60. Thanks.",damaged_item,low,neutral,1,,0,22.09,1,74.28,3.4,0,resolved_within_7d,refund_or_return_completed
TKT000000590,CUST0082161,ORD00001590,2025-02-19T13:16,email,West Midlands,45-54,Polish,17,grocery,32.94,1,1,Can I send this back?,"Hello, is this still within the return window. The order value is about GBP 32.94. Thanks.",return_request,high,neutral,0,,0,21.32,0,0.0,3.3,0,resolved_within_7d,resolved_standard
TKT000000591,CUST0022470,ORD00001591,2025-08-12T00:53,web_chat,South East,35-44,English,40,beauty,54.56,0,3,Need product information,"Hello, can you explain a product feature. Can you confirm the next step? #help",product_question,medium,negative,0,,0,11.05,0,0.0,4.0,0,resolved_within_7d,resolved_standard
TKT000000592,CUST0127510,ORD00001592,2025-05-24T17:28,mobile_app,South West,45-54,English,65,home,19.65,1,0,Damage on arrival,Can someone check this? there is visible damage. The order value is about GBP 19.65. I need this resolved soon. ASAP,damaged_item,medium,negative,1,,1,32.06,1,14.4,3.3,0,resolved_within_7d,specialist_escalation
TKT000000593,CUST0147924,ORD00001593,2025-08-29T05:43,web_chat,London,35-44,English,34,beauty,85.02,8,3,Where is my parcel?,I need assistance because tracking has not moved. It is around 8 days beyond the expected delivery date. I need this resolved soon. sent from mobile,delivery_late,low,negative,0,,1,33.08,1,74.82,2.6,0,resolved_within_7d,specialist_escalation
TKT000000594,CUST0078265,ORD00001594,2025-08-28T23:53,web_chat,West Midlands,35-44,English,22,grocery,38.7,0,1,Item arrived damaged,PLEASE HELP - THE PRODUCT IS DAMAGED. THE ORDER VALUE IS ABOUT GBP 38.70. THANK YOU. PLS,damaged_item,low,neutral,0,,1,27.05,0,0.0,4.0,0,resolved_within_7d,specialist_escalation
TKT000000595,CUST0056988,ORD00001595,2025-05-11T03:32,web_chat,South West,25-34,English,7,grocery,41.18,2,0,Can I send this back?,"Support team, is this still within the return window. The order value is about GBP 41.18. Please get back to me. ...",return_request,low,negative,1,,1,23.71,1,36.55,2.9,0,resolved_within_7d,specialist_escalation
TKT000000596,CUST0037753,ORD00001596,2025-05-11T09:57,email,East Midlands,65+,English,70,appliances,597.37,9,4,Order still not here,"Hello, I have been waiting for the parcel. It is around 9 days beyond the expected delivery date. Please advise.",delivery_late,medium,negative,0,,1,33.94,0,0.0,2.2,0,resolved_within_7d,specialist_escalation
TKT000000597,CUST0055407,ORD00001597,2025-12-01T12:38,email,London,25-34,English,59,home,124.78,0,4,I want to return this,"Hello, I want to start a return. The order value is about GBP 124.78. I need this resolved soon. sent from mobile",return_request,high,negative,1,,0,16.87,0,0.0,3.4,0,resolved_within_7d,resolved_standard
TKT000000598,CUST0151689,ORD00001598,2025-03-28T12:59,phone,Northern Ireland,65+,English,52,fashion,166.65,6,2,Where is my parcel?,"Hello, my order is late. It is around 6 days beyond the expected delivery date. Can you confirm the next step? pls",delivery_late,high,positive,0,,0,18.55,0,0.0,4.2,0,resolved_within_7d,resolved_standard
TKT000000599,CUST0102614,ORD00001599,2025-05-09T04:30,email,East Midlands,35-44,English,32,toys,89.97,0,3,Product is broken,Can someone check this? there is visible damage. The order value is about GBP 89.97. Can you confirm the next step? pls,damaged_item,low,negative,1,,0,26.01,1,58.91,2.7,0,resolved_within_7d,refund_or_return_completed
TKT000000600,CUST0091466,ORD00001600,2025-06-09T13:32,web_chat,London,25-34,English,39,fashion,118.78,1,1,Login not working,"Hi, the login keeps failing. Please advise. !!!",account_access,medium,positive,0,,0,8.17,0,0.0,3.6,0,resolved_within_7d,resolved_standard
TKT000000601,CUST0143837,ORD00001601,2025-10-18T01:15,web_chat,South East,35-44,English,6,sports,277.72,1,1,Product is broken,Please help - the product is damaged. The order value is about GBP 277.72. Can you confirm the next step? pls,damaged_item,medium,positive,0,,0,20.45,1,209.12,,0,resolved_within_7d,refund_or_return_completed
TKT000000602,CUST0087849,ORD00001602,2025-08-02T01:40,web_chat,East Midlands,18-24,Welsh,18,fashion,181.95,16,1,Tracking stopped,"Hi, the courier says the parcel cannot be found. It is around 16 days beyond the expected delivery date. Thanks. pls",lost_parcel,medium,negative,0,,1,52.24,1,157.12,1.2,0,resolved_within_7d,specialist_escalation
TKT000000603,CUST0010800,ORD00001603,2025-09-01T19:19,email,Wales,45-54,English,29,sports,356.66,7,2,Order still not here,Please help - I have been waiting for the parcel. It is around 7 days beyond the expected delivery date. I need this resolved soon. thx,delivery_late,low,positive,0,,0,19.72,0,0.0,3.4,0,resolved_within_7d,resolved_standard
TKT000000604,CUST0081286,ORD00001604,2025-05-15T01:50,mobile_app,London,55-64,English,39,home,119.44,0,2,Warranty help,I need assistance because I need help with the warranty. Thank you. #help,warranty,medium,negative,1,,1,28.63,0,0.0,2.7,0,resolved_within_7d,specialist_escalation
TKT000000605,CUST0142058,ORD00001605,2025-11-11T00:06,mobile_app,Wales,55-64,English,79,electronics,28.93,9,1,Where is my parcel?,"Hello, my order is late. It is around 9 days beyond the expected delivery date. Can you confirm the next step?",delivery_late,low,positive,1,,0,27.83,0,0.0,,0,resolved_within_7d,resolved_standard
TKT000000606,CUST0075787,ORD00001606,2025-04-03T06:24,web_chat,North West,35-44,English,40,beauty,105.11,0,1,Damage on arrival,Can someone check this? the item arrived cracked. The order value is about GBP 105.11. I need this resolved soon. ASAP,damaged_item,high,negative,1,,1,27.6,1,82.98,3.4,0,resolved_within_7d,specialist_escalation
TKT000000607,CUST0008447,ORD00001607,2025-08-25T09:42,mobile_app,North West,25-34,English,39,home,106.62,1,2,Need product information,Can someone check this? can you explain a product feature. Please advise. !!!,product_question,medium,neutral,0,,0,16.28,0,0.0,4.1,0,resolved_within_7d,resolved_standard
TKT000000608,CUST0062834,ORD00001608,2025-05-25T21:39,email,North West,55-64,English,17,fashion,39.39,7,2,Where is my parcel?,"Support team, the delivery date has passed. It is around 7 days beyond the expected delivery date. I need this resolved soon. ASAP",delivery_late,medium,positive,0,,0,22.13,0,0.0,3.3,0,resolved_within_7d,resolved_standard
TKT000000609,CUST0093107,ORD00001609,2025-08-23T18:01,email,East Midlands,25-34,Polish,29,appliances,128.6,1,2,Product is broken,"Hello, the box was crushed and the item is broken. The order value is about GBP 128.60. Please get back to me. pls",damaged_item,low,negative,1,,0,23.0,0,0.0,2.9,0,resolved_within_7d,resolved_standard
TKT000000610,CUST0100140,ORD00001610,2025-09-21T16:30,web_chat,Scotland,45-54,English,11,home,94.02,2,1,Product is broken,"Hello, there is visible damage. The order value is about GBP 94.02. I need this resolved soon.",damaged_item,high,negative,0,,0,25.98,1,82.99,3.3,0,resolved_within_7d,refund_or_return_completed
TKT000000611,CUST0139119,ORD00001611,2025-02-07T05:44,email,North West,35-44,English,23,electronics,181.19,2,4,Payment problem,"Support team, my payment failed but I see a charge. Please advise. thx",payment_issue,medium,negative,0,,1,29.38,0,0.0,3.1,0,resolved_within_7d,specialist_escalation
TKT000000612,CUST0158711,ORD00001612,2025-10-24T09:21,web_chat,Yorkshire,35-44,English,22,home,90.26,1,1,Question before using item,"Support team, please clarify the product details. Please advise. sent from mobile",product_question,low,negative,0,,0,10.45,0,0.0,3.2,0,resolved_within_7d,resolved_standard
TKT000000613,CUST0078023,ORD00001613,2025-10-08T04:03,phone,East Midlands,25-34,English,87,electronics,590.07,2,1,Product question,Can someone check this? please clarify the product details. Thanks. ...,product_question,high,neutral,0,,0,11.61,0,0.0,3.7,0,resolved_within_7d,resolved_standard
TKT000000614,CUST0004399,ORD00001614,2025-12-18T06:48,phone,North West,45-54,English,20,appliances,502.71,1,0,Cannot sign in,Can someone check this? the login keeps failing. Can you confirm the next step? ASAP,account_access,medium,negative,0,,0,6.78,0,0.0,4.1,0,resolved_within_7d,resolved_standard
TKT000000615,CUST0098725,ORD00001615,2025-05-24T23:51,email,West Midlands,25-34,English,13,fashion,80.09,1,5,Account access problem,Can someone check this? the password reset is not working. Can you confirm the next step? ...,account_access,medium,negative,0,,1,25.41,0,0.0,3.0,0,resolved_within_7d,specialist_escalation
TKT000000616,CUST0030158,ORD00001616,2025-12-07T00:43,web_chat,East Midlands,35-44,English,12,toys,90.03,4,3,Where is my parcel?,"HI, THE DELIVERY DATE HAS PASSED. IT IS AROUND 4 DAYS BEYOND THE EXPECTED DELIVERY DATE. PLEASE ADVISE. PLS",delivery_late,high,negative,0,,1,23.78,0,0.0,2.7,0,resolved_within_7d,specialist_escalation
TKT000000617,CUST0101467,ORD00001617,2025-02-19T07:15,email,West Midlands,35-44,English,31,home,51.69,1,0,Warranty help,Please help - is this fault covered. Please advise. ...,warranty,low,neutral,0,,1,35.7,0,0.0,2.8,0,resolved_within_7d,specialist_escalation
TKT000000618,CUST0039648,ORD00001618,2025-05-19T19:53,web_chat,North West,45-54,Romanian,18,appliances,230.9,0,2,Warranty claim question,"Support team, is this fault covered. I need this resolved soon. thx",warranty,medium,negative,0,,1,28.83,0,0.0,1.9,0,resolved_within_7d,specialist_escalation
TKT000000619,CUST0031403,ORD00001619,2025-10-14T23:39,web_chat,North West,45-54,English,95,appliances,453.03,9,1,Order still not here,Can someone check this? tracking has not moved. It is around 9 days beyond the expected delivery date. Please advise. ASAP,delivery_late,medium,negative,0,,0,22.44,0,0.0,3.7,0,resolved_within_7d,resolved_standard
TKT000000620,CUST0199457,ORD00001620,2025-09-30T17:36,mobile_app,West Midlands,65+,English,23,home,71.0,11,1,Where is my parcel?,"Support team, my order is late. It is around 11 days beyond the expected delivery date. Can you confirm the next step? !!!",delivery_late,medium,negative,0,,1,29.54,0,0.0,2.8,0,resolved_within_7d,specialist_escalation
TKT000000621,CUST0001258,ORD00001621,2025-09-19T16:49,email,South East,45-54,English,11,grocery,37.32,0,0,Checkout charge issue,I need assistance because I was charged twice. Please get back to me. sent from mobile,payment_issue,medium,neutral,0,,0,20.72,0,0.0,4.4,0,resolved_within_7d,resolved_standard
TKT000000622,CUST0137860,ORD00001622,2025-12-20T11:24,mobile_app,East Midlands,25-34,English,64,toys,354.98,1,2,Card charged incorrectly,I need assistance because I was charged twice. I need this resolved soon. #help,payment_issue,medium,neutral,0,,0,26.9,0,0.0,3.2,0,resolved_within_7d,resolved_standard
TKT000000623,CUST0155394,ORD00001623,2025-04-15T10:33,email,Scotland,55-64,English,24,appliances,276.15,8,0,Where is my parcel?,"Support team, my order is late. It is around 8 days beyond the expected delivery date. I need this resolved soon. !!!",delivery_late,low,negative,0,,0,22.03,0,0.0,3.9,0,resolved_within_7d,resolved_standard
TKT000000624,CUST0184413,ORD00001624,2025-03-16T16:17,web_chat,North West,55-64,English,5,beauty,45.57,1,3,I want to return this,Please help - I want to start a return. The order value is about GBP 45.57. Please get back to me. !!!,return_request,low,negative,1,,1,28.15,0,0.0,2.4,0,resolved_within_7d,specialist_escalation
TKT000000625,CUST0109402,ORD00001625,2025-07-24T06:45,web_chat,Yorkshire,18-24,English,24,home,156.13,2,0,Product is broken,"Support team, the item arrived cracked. The order value is about GBP 156.13. Thanks. ...",damaged_item,low,positive,1,,0,22.55,0,0.0,3.9,0,resolved_within_7d,resolved_standard
TKT000000626,CUST0009703,ORD00001626,2025-04-29T02:35,email,North West,18-24,English,27,sports,107.69,0,0,Question before using item,Can someone check this? can you explain a product feature. Please advise. #help,product_question,medium,neutral,0,,0,7.48,0,0.0,3.6,0,resolved_within_7d,resolved_standard
TKT000000627,CUST0141240,ORD00001627,2025-12-11T05:45,email,East Midlands,45-54,English,44,sports,41.91,4,1,Where is my parcel?,Can someone check this? my order is late. It is around 4 days beyond the expected delivery date. Please advise. sent from mobile,delivery_late,medium,negative,0,,0,16.28,0,0.0,3.4,0,resolved_within_7d,resolved_standard
TKT000000628,CUST0099100,ORD00001628,2025-01-21T01:16,web_chat,East Midlands,25-34,English,13,fashion,185.67,0,1,Cannot sign in,"Support team, I cannot access my account. Can you confirm the next step? ...",account_access,urgent,positive,0,,0,7.46,0,0.0,4.2,0,resolved_within_7d,resolved_standard
TKT000000629,CUST0074710,ORD00001629,2025-08-02T23:17,web_chat,North West,35-44,English,14,grocery,81.68,4,1,Refund pending,"Support team, please check my refund status. The order value is about GBP 81.68. Thanks. #help",refund_status,medium,negative,0,,0,27.18,1,78.8,2.4,0,resolved_within_7d,refund_or_return_completed
TKT000000630,CUST0121938,ORD00001630,2025-08-24T08:21,mobile_app,North West,55-64,English,11,grocery,29.29,1,1,Warranty claim question,"Hello, I need help with the warranty. I need this resolved soon. ASAP",warranty,medium,positive,1,,0,22.44,0,0.0,3.7,0,resolved_within_7d,resolved_standard
TKT000000631,CUST0113182,ORD00001631,2025-08-31T18:42,phone,Wales,18-24,English,17,electronics,182.43,6,1,Where is my parcel?,Please help - tracking has not moved. It is around 6 days beyond the expected delivery date. I need this resolved soon.,delivery_late,medium,neutral,0,,0,20.39,0,0.0,,0,resolved_within_7d,resolved_standard
TKT000000632,CUST0035533,ORD00001632,2025-11-24T07:23,web_chat,East Midlands,18-24,English,20,beauty,257.59,0,1,I want to return this,I need assistance because please tell me how to send this back. The order value is about GBP 257.59. Please advise. ...,return_request,low,positive,1,,0,13.05,1,200.2,3.2,0,resolved_within_7d,refund_or_return_completed
TKT000000633,CUST0006110,ORD00001633,2025-03-06T20:58,mobile_app,North West,35-44,English,10,electronics,81.16,2,1,Refund pending,PLEASE HELP - I STILL HAVE NOT RECEIVED MY REFUND. THE ORDER VALUE IS ABOUT GBP 81.16. THANK YOU.,refund_status,medium,negative,1,,0,21.64,0,0.0,3.4,0,resolved_within_7d,resolved_standard
TKT000000634,CUST0130255,ORD00001634,2025-09-29T05:00,web_chat,South East,45-54,English,4,home,95.29,0,3,Refund has not arrived,I need assistance because I returned the item but no refund is visible. The order value is about GBP 95.29. Can you confirm the next step? ASAP,refund_status,high,neutral,0,,0,18.22,1,82.96,3.1,0,resolved_within_7d,refund_or_return_completed
TKT000000635,CUST0003945,ORD00001635,2025-07-18T11:13,phone,North West,35-44,English,50,fashion,54.25,2,0,This is not what I ordered,"HI, YOU SENT A DIFFERENT PRODUCT. THE ORDER VALUE IS ABOUT GBP 54.25. THANKS. ASAP",wrong_item,medium,negative,1,,0,29.75,0,0.0,2.9,0,resolved_within_7d,resolved_standard
TKT000000636,CUST0177002,ORD00001636,2025-07-27T16:46,mobile_app,North West,25-34,English,91,electronics,34.55,8,1,Order still not here,I need assistance because the delivery date has passed. It is around 8 days beyond the expected delivery date. Please advise. !!!,delivery_late,medium,positive,0,,0,21.27,0,0.0,3.5,0,resolved_within_7d,resolved_standard
TKT000000637,CUST0186680,ORD00001637,2025-03-21T12:05,web_chat,South East,35-44,English,55,sports,42.73,2,3,Item arrived damaged,Please help - there is visible damage. The order value is about GBP 42.73. I need this resolved soon. !!!,damaged_item,medium,negative,1,,1,38.82,1,34.22,2.4,0,resolved_within_7d,specialist_escalation
TKT000000638,CUST0190352,ORD00001638,2025-06-26T21:34,web_chat,North West,35-44,English,19,home,65.84,0,5,Return request,I need assistance because please tell me how to send this back. The order value is about GBP 65.84. Please advise. thx,return_request,medium,neutral,0,,0,20.51,1,36.43,,0,resolved_within_7d,refund_or_return_completed
TKT000000639,CUST0022388,ORD00001639,2025-11-08T16:30,mobile_app,West Midlands,25-34,English,21,toys,247.24,2,3,Damage on arrival,"Hello, the box was crushed and the item is broken. The order value is about GBP 247.24. Please advise.",damaged_item,high,negative,0,,0,35.33,1,159.48,3.0,0,resolved_within_7d,refund_or_return_completed
TKT000000640,CUST0185073,ORD00001640,2025-04-19T05:54,web_chat,South East,25-34,Urdu,69,grocery,308.21,2,3,Item arrived damaged,"Support team, there is visible damage. The order value is about GBP 308.21. Thanks.",damaged_item,low,negative,0,,1,33.05,0,0.0,2.1,1,resolved_within_7d,specialist_escalation
TKT000000641,CUST0067296,ORD00001641,2025-09-14T23:51,phone,London,25-34,English,15,home,240.68,2,1,Return request,"Hi, I want to start a return. The order value is about GBP 240.68. Can you confirm the next step? ASAP",return_request,high,negative,0,,0,16.84,1,150.65,3.4,0,resolved_within_7d,refund_or_return_completed
TKT000000642,CUST0159105,ORD00001642,2025-06-03T02:52,web_chat,North West,25-34,English,74,fashion,58.12,0,3,Item arrived damaged,"HI, THERE IS VISIBLE DAMAGE. THE ORDER VALUE IS ABOUT GBP 58.12. I NEED THIS RESOLVED SOON. PLS",damaged_item,medium,negative,0,,1,27.98,0,0.0,3.0,0,resolved_within_7d,specialist_escalation
TKT000000643,CUST0096915,ORD00001643,2025-10-04T00:25,mobile_app,East Midlands,55-64,English,21,grocery,55.06,1,1,Product is broken,I need assistance because there is visible damage. The order value is about GBP 55.06. Please get back to me. sent from mobile,damaged_item,medium,negative,0,,0,34.92,0,0.0,2.7,0,resolved_within_7d,resolved_standard
TKT000000644,CUST0161641,ORD00001644,2025-02-14T16:28,web_chat,East Midlands,25-34,English,56,electronics,144.2,1,2,Return request,Please help - I would like to return the item. The order value is about GBP 144.20. Thanks. !!!,return_request,medium,positive,1,,0,17.14,0,0.0,3.7,0,resolved_within_7d,resolved_standard
TKT000000645,CUST0168692,ORD00001645,2025-06-19T16:18,email,East Midlands,55-64,English,30,grocery,13.53,2,2,Cannot sign in,I need assistance because I am locked out. I need this resolved soon. !!!,account_access,high,negative,0,,1,16.92,0,0.0,3.0,0,resolved_within_7d,specialist_escalation
TKT000000646,CUST0042231,ORD00001646,2025-08-24T03:29,web_chat,Scotland,18-24,English,11,electronics,138.48,12,4,Tracking stopped,Please help - the courier says the parcel cannot be found. It is around 12 days beyond the expected delivery date. I need this resolved soon.,lost_parcel,medium,negative,0,,0,52.65,1,93.33,1.2,0,resolved_within_7d,refund_or_return_completed
TKT000000647,CUST0037354,ORD00001647,2025-05-14T12:52,email,Yorkshire,45-54,English,53,home,76.78,1,1,Return request,"Support team, I want to start a return. The order value is about GBP 76.78. Please get back to me. ASAP",return_request,medium,negative,0,,1,18.36,0,0.0,3.2,0,resolved_within_7d,specialist_escalation
TKT000000648,CUST0094529,ORD00001648,2025-01-28T13:36,web_chat,North West,18-24,English,86,fashion,85.2,6,1,Order still not here,"HELLO, MY ORDER IS LATE. IT IS AROUND 6 DAYS BEYOND THE EXPECTED DELIVERY DATE. CAN YOU CONFIRM THE NEXT STEP? THX",delivery_late,medium,neutral,0,,0,16.97,0,0.0,4.1,0,resolved_within_7d,resolved_standard
TKT000000649,CUST0138522,ORD00001649,2025-08-27T16:14,web_chat,South East,55-64,English,7,fashion,190.4,8,2,Order still not here,Please help - I have been waiting for the parcel. It is around 8 days beyond the expected delivery date. Thanks. sent from mobile,delivery_late,medium,negative,0,,1,26.81,0,0.0,3.0,0,resolved_within_7d,specialist_escalation
TKT000000650,CUST0015325,ORD00001650,2025-11-24T16:37,web_chat,West Midlands,55-64,English,12,home,404.21,5,2,Delivery delayed,"Support team, I have been waiting for the parcel. It is around 5 days beyond the expected delivery date. Please get back to me.",delivery_late,medium,neutral,0,,0,19.06,1,380.42,3.9,0,resolved_within_7d,refund_or_return_completed
TKT000000651,CUST0177380,ORD00001651,2025-05-07T02:40,mobile_app,Northern Ireland,25-34,English,23,grocery,14.52,17,3,Parcel appears lost,"Support team, tracking stopped several days ago. It is around 17 days beyond the expected delivery date. I need this resolved soon. thx",lost_parcel,medium,negative,0,,1,61.65,0,0.0,1.2,0,resolved_within_7d,specialist_escalation
TKT000000652,CUST0121752,ORD00001652,2025-04-11T17:10,mobile_app,Yorkshire,35-44,English,8,electronics,152.18,2,3,Cannot sign in,"Hello, I cannot access my account. Thanks. ASAP",account_access,medium,negative,0,,0,12.75,0,0.0,3.9,0,resolved_within_7d,resolved_standard
TKT000000653,CUST0026173,ORD00001653,2025-04-25T23:48,email,West Midlands,25-34,English,69,beauty,82.29,1,2,Question before using item,"Hello, can you explain a product feature. I need this resolved soon. ...",product_question,low,neutral,0,,0,11.44,0,0.0,4.3,0,resolved_within_7d,resolved_standard
TKT000000654,CUST0014343,ORD00001654,2025-06-02T13:18,web_chat,London,55-64,English,17,home,77.97,1,3,Question before using item,"Hi, can you explain a product feature. Please advise.",product_question,medium,positive,0,,0,14.48,0,0.0,4.2,0,resolved_within_7d,resolved_standard
TKT000000655,CUST0127927,ORD00001655,2025-04-08T05:35,mobile_app,London,45-54,English,62,home,44.38,3,2,Refund pending,Can someone check this? the refund is showing as pending. The order value is about GBP 44.38. Can you confirm the next step? thx,refund_status,low,positive,0,,0,21.44,1,39.94,4.0,0,resolved_within_7d,refund_or_return_completed
TKT000000656,CUST0060028,ORD00001656,2025-03-28T13:36,web_chat,South West,45-54,English,35,fashion,19.06,1,4,Where is my refund?,"Support team, please check my refund status. The order value is about GBP 19.06. I need this resolved soon. #help",refund_status,medium,negative,0,,0,23.46,1,16.66,3.1,0,resolved_within_7d,refund_or_return_completed
TKT000000657,CUST0154580,ORD00001657,2025-09-27T01:42,phone,South West,25-34,English,19,beauty,108.12,7,4,Delivery delayed,"Hi, tracking has not moved. It is around 7 days beyond the expected delivery date. Please get back to me. sent from mobile",delivery_late,medium,negative,0,,1,35.87,0,0.0,2.4,0,resolved_within_7d,specialist_escalation
TKT000000658,CUST0019095,ORD00001658,2025-11-04T06:35,email,South East,55-64,English,33,grocery,52.7,1,3,Return request,Please help - I would like to return the item. The order value is about GBP 52.70. I need this resolved soon. #help,return_request,medium,positive,0,,0,21.09,1,38.42,3.7,0,resolved_within_7d,refund_or_return_completed
TKT000000659,CUST0150976,ORD00001659,2025-12-23T03:04,web_chat,London,45-54,English,28,fashion,59.55,0,4,Item arrived damaged,"Hello, the item arrived cracked. The order value is about GBP 59.55. Thanks. thx",damaged_item,medium,negative,1,,1,33.94,0,0.0,2.7,0,resolved_within_7d,specialist_escalation
TKT000000660,CUST0018633,ORD00001660,2025-11-18T12:27,web_chat,Yorkshire,35-44,English,49,beauty,174.34,1,4,Where is my refund?,Can someone check this? I returned the item but no refund is visible. The order value is about GBP 174.34. Please get back to me. !!!,refund_status,medium,neutral,1,,0,21.08,0,0.0,3.7,0,resolved_within_7d,resolved_standard
TKT000000661,CUST0101493,ORD00001661,2025-12-21T11:31,web_chat,London,25-34,English,56,grocery,30.29,0,3,Refund pending,I need assistance because the refund is showing as pending. The order value is about GBP 30.29. Can you confirm the next step? sent from mobile,refund_status,high,negative,0,,0,14.87,0,0.0,3.6,0,resolved_within_7d,resolved_standard
TKT000000662,CUST0097129,ORD00001662,2025-03-13T00:42,mobile_app,South East,45-54,English,34,electronics,156.7,2,2,Item arrived damaged,Can someone check this? the box was crushed and the item is broken. The order value is about GBP 156.70. Please advise. thx,damaged_item,high,neutral,1,,0,26.5,1,87.65,3.0,0,resolved_within_7d,refund_or_return_completed
TKT000000663,CUST0003074,ORD00001663,2025-11-12T20:00,mobile_app,Yorkshire,55-64,English,18,electronics,281.58,2,2,Product is broken,I need assistance because the product is damaged. The order value is about GBP 281.58. Thank you. pls,damaged_item,low,negative,1,,0,22.59,0,0.0,3.7,1,resolved_within_7d,resolved_standard
TKT000000664,CUST0057056,ORD00001664,2025-07-26T19:03,web_chat,North West,55-64,Polish,53,beauty,145.52,0,1,Item arrived damaged,"Hi, the product is damaged. The order value is about GBP 145.52. Please advise. sent from mobile",damaged_item,medium,neutral,0,,0,19.74,1,104.96,4.5,0,resolved_within_7d,refund_or_return_completed
TKT000000665,CUST0083916,ORD00001665,2025-03-07T09:05,web_chat,London,18-24,English,39,home,69.15,0,6,Is this covered by warranty?,"Hi, how do I make a warranty claim. Can you confirm the next step? pls",warranty,low,negative,0,,0,30.26,0,0.0,,0,resolved_within_7d,resolved_standard
TKT000000666,CUST0067035,ORD00001666,2025-11-17T13:17,web_chat,Yorkshire,35-44,English,42,toys,54.47,2,2,Can I send this back?,I need assistance because is this still within the return window. The order value is about GBP 54.47. Can you confirm the next step? ...,return_request,medium,negative,1,,1,23.14,1,35.52,3.4,0,resolved_within_7d,specialist_escalation
TKT000000667,CUST0004357,ORD00001667,2025-07-02T12:31,web_chat,Yorkshire,45-54,English,21,grocery,24.35,0,1,Return request,"Hello, I would like to return the item. The order value is about GBP 24.35. Please advise. thx",return_request,medium,positive,1,,0,13.31,1,14.5,3.8,0,resolved_within_7d,refund_or_return_completed
TKT000000668,CUST0022045,ORD00001668,2025-06-16T17:37,mobile_app,Wales,65+,English,19,sports,36.46,9,3,Courier cannot locate parcel,"Hi, my parcel may be lost. It is around 9 days beyond the expected delivery date. Thanks. #help",lost_parcel,medium,negative,0,,0,39.76,1,21.29,2.1,0,resolved_within_7d,refund_or_return_completed
TKT000000669,CUST0087623,ORD00001669,2025-04-08T14:17,phone,London,45-54,English,15,beauty,36.83,8,2,Delivery delayed,Please help - my order is late. It is around 8 days beyond the expected delivery date. Please advise. ASAP,delivery_late,medium,negative,0,,1,31.78,0,0.0,,0,resolved_within_7d,specialist_escalation
TKT000000670,CUST0085272,ORD00001670,2025-04-24T09:09,web_chat,South West,45-54,English,22,home,90.33,1,2,Account access problem,"Support team, I am locked out. Thank you. ...",account_access,medium,positive,0,,0,18.66,0,0.0,3.9,0,resolved_within_7d,resolved_standard
TKT000000671,CUST0095510,ORD00001671,2025-01-31T07:48,email,South East,45-54,English,69,electronics,321.75,1,5,Wrong item delivered,Please help - this is the incorrect item. The order value is about GBP 321.75. I need this resolved soon.,wrong_item,medium,negative,0,,1,26.01,1,256.87,2.7,0,resolved_within_7d,specialist_escalation
TKT000000672,CUST0079436,ORD00001672,2025-01-13T04:38,phone,London,65+,English,79,appliances,199.62,1,2,Need product information,"Hello, can you explain a product feature. Thanks. sent from mobile",product_question,low,positive,0,,0,7.83,1,135.42,4.8,0,resolved_within_7d,refund_or_return_completed
TKT000000673,CUST0075862,ORD00001673,2025-10-01T09:36,email,South East,45-54,Urdu,41,home,71.52,9,1,Where is my parcel?,I need assistance because my order is late. It is around 9 days beyond the expected delivery date. Thank you. ASAP,delivery_late,medium,negative,0,,0,24.14,0,0.0,2.9,0,resolved_within_7d,resolved_standard
TKT000000674,CUST0070491,ORD00001674,2025-11-22T14:11,mobile_app,South West,35-44,English,57,electronics,179.96,2,0,This is not what I ordered,"Hello, this is the incorrect item. The order value is about GBP 179.96. Thanks. ASAP",wrong_item,medium,negative,0,,0,34.07,1,118.02,3.3,0,resolved_within_7d,refund_or_return_completed
TKT000000675,CUST0139902,ORD00001675,2025-02-23T00:32,email,Wales,65+,English,14,grocery,108.69,3,3,Product is broken,"Hello, the product is damaged. The order value is about GBP 108.69. Can you confirm the next step? pls",damaged_item,medium,negative,1,,0,29.54,0,0.0,3.4,0,resolved_within_7d,resolved_standard
TKT000000676,CUST0137494,ORD00001676,2025-11-29T14:23,web_chat,West Midlands,25-34,English,38,fashion,81.64,1,0,Login not working,"Support team, I cannot access my account. Please advise. !!!",account_access,medium,positive,0,,0,7.23,0,0.0,4.5,0,resolved_within_7d,resolved_standard
TKT000000677,CUST0146853,ORD00001677,2025-03-04T14:07,web_chat,Northern Ireland,25-34,English,18,toys,79.57,1,2,Return request,"Hi, please tell me how to send this back. The order value is about GBP 79.57. Thanks. pls",return_request,medium,positive,1,,0,20.43,1,52.07,4.0,0,resolved_within_7d,refund_or_return_completed
TKT000000678,CUST0172741,ORD00001678,2025-07-07T20:33,web_chat,South East,35-44,English,41,beauty,49.71,2,0,This is not what I ordered,Please help - I received the wrong colour or model. The order value is about GBP 49.71. Please get back to me. !!!,wrong_item,medium,negative,1,,0,29.4,0,0.0,3.1,0,resolved_within_7d,resolved_standard
TKT000000679,CUST0080835,ORD00001679,2025-07-01T14:32,email,London,35-44,English,36,sports,103.93,11,2,Where is my parcel?,"Support team, my order is late. It is around 11 days beyond the expected delivery date. Can you confirm the next step? pls",delivery_late,medium,negative,0,,0,26.61,0,0.0,,1,resolved_within_7d,resolved_standard
TKT000000680,CUST0038103,ORD00001680,2025-08-19T17:20,email,East Midlands,18-24,English,10,electronics,177.4,1,5,Card charged incorrectly,"Support team, I was charged twice. Can you confirm the next step? ASAP",payment_issue,medium,negative,0,,1,34.07,0,0.0,2.7,0,resolved_within_7d,specialist_escalation
TKT000000681,CUST0139284,ORD00001681,2025-06-29T11:03,web_chat,London,35-44,Polish,23,toys,153.54,0,3,Return request,"Support team, I want to start a return. The order value is about GBP 153.54. Please get back to me. ...",return_request,high,negative,1,,1,26.93,0,0.0,3.0,0,resolved_within_7d,specialist_escalation
TKT000000682,CUST0043320,ORD00001682,2025-10-14T05:02,mobile_app,South West,25-34,Romanian,38,sports,136.64,3,0,This is not what I ordered,Please help - the item in the box is not what I ordered. The order value is about GBP 136.64. Can you confirm the next step? thx,wrong_item,medium,positive,1,,0,21.33,1,98.51,4.0,0,resolved_within_7d,refund_or_return_completed
TKT000000683,CUST0061221,ORD00001683,2025-10-13T21:01,email,East Midlands,55-64,English,19,sports,114.31,1,1,Return request,Please help - I want to start a return. The order value is about GBP 114.31. I need this resolved soon. pls,return_request,medium,neutral,1,,0,17.22,1,101.2,3.1,0,resolved_within_7d,refund_or_return_completed
TKT000000684,CUST0148766,ORD00001684,2025-03-19T02:34,email,Northern Ireland,25-34,English,23,electronics,80.38,12,0,Tracking stopped,"Hi, the delivery has disappeared from tracking. It is around 12 days beyond the expected delivery date. Thanks. ...",lost_parcel,low,neutral,0,,0,45.25,1,57.32,2.6,0,resolved_within_7d,refund_or_return_completed
TKT000000685,CUST0033489,ORD00001685,2025-06-12T19:05,phone,London,35-44,English,15,toys,96.61,10,0,Delivery delayed,Please help - I have been waiting for the parcel. It is around 10 days beyond the expected delivery date. I need this resolved soon. ASAP,delivery_late,low,neutral,0,,0,25.46,0,0.0,3.8,0,resolved_within_7d,resolved_standard
TKT000000686,CUST0121940,ORD00001686,2025-11-27T04:43,mobile_app,London,55-64,English,38,home,61.79,6,4,Delivery delayed,"Hello, I have been waiting for the parcel. It is around 6 days beyond the expected delivery date. Please get back to me. ASAP",delivery_late,medium,neutral,0,,0,32.31,0,0.0,3.4,0,resolved_within_7d,resolved_standard
TKT000000687,CUST0064188,ORD00001687,2025-06-12T13:55,email,West Midlands,25-34,English,64,home,209.26,2,3,Where is my refund?,,refund_status,medium,neutral,0,,1,25.24,1,165.31,3.3,0,resolved_within_7d,specialist_escalation
TKT000000688,CUST0198752,ORD00001688,2025-08-23T06:35,mobile_app,Yorkshire,45-54,English,12,home,143.35,2,0,This is not what I ordered,I need assistance because I received the wrong colour or model. The order value is about GBP 143.35. Please advise.,wrong_item,medium,neutral,1,,0,20.79,0,0.0,3.3,0,resolved_within_7d,resolved_standard
TKT000000689,CUST0055884,ORD00001689,2025-06-10T10:53,web_chat,London,25-34,English,42,home,6.72,3,2,Delivery delayed,Please help - the delivery date has passed. It is around 3 days beyond the expected delivery date. Can you confirm the next step? #help,delivery_late,medium,neutral,0,,1,20.87,0,0.0,3.9,0,resolved_within_7d,specialist_escalation
TKT000000690,CUST0033078,ORD00001690,2025-06-26T00:11,web_chat,London,45-54,English,68,fashion,160.92,0,1,Item arrived damaged,Can someone check this? the product is damaged. The order value is about GBP 160.92. I need this resolved soon. thx,damaged_item,medium,neutral,1,,0,24.17,0,0.0,3.6,0,resolved_within_7d,resolved_standard
TKT000000691,CUST0108939,ORD00001691,2025-12-27T03:07,web_chat,South West,25-34,English,40,electronics,55.98,1,3,Question before using item,"Hi, can you explain a product feature. Thanks. #help",product_question,medium,positive,0,,0,22.74,0,0.0,3.0,0,resolved_within_7d,resolved_standard
TKT000000692,CUST0038581,ORD00001692,2025-07-07T15:11,phone,South West,35-44,English,49,electronics,305.2,6,3,Where is my parcel?,Can someone check this? tracking has not moved. It is around 6 days beyond the expected delivery date. Can you confirm the next step? !!!,delivery_late,medium,positive,0,,1,32.98,1,230.74,3.6,0,resolved_within_7d,specialist_escalation
TKT000000693,CUST0189010,ORD00001693,2025-12-12T07:34,web_chat,West Midlands,35-44,English,13,toys,142.35,8,2,Parcel appears lost,I need assistance because my parcel may be lost. It is around 8 days beyond the expected delivery date. Thanks. !!!,lost_parcel,medium,negative,0,,1,48.17,1,112.11,1.5,0,resolved_within_7d,specialist_escalation
TKT000000694,CUST0028466,ORD00001694,2025-10-08T23:38,email,South East,35-44,English,44,grocery,11.21,8,5,Delivery delayed,"Support team, tracking has not moved. It is around 8 days beyond the expected delivery date. Please advise. thx",delivery_late,medium,neutral,0,,1,29.42,0,0.0,3.2,0,resolved_within_7d,specialist_escalation
TKT000000695,CUST0029450,ORD00001695,2025-10-23T17:25,web_chat,Yorkshire,55-64,English,25,home,28.56,12,4,Where is my parcel?,Please help - tracking has not moved. It is around 12 days beyond the expected delivery date. Please get back to me. thx,delivery_late,low,negative,0,,0,28.0,0,0.0,3.2,0,resolved_within_7d,resolved_standard
TKT000000696,CUST0141097,ORD00001696,2025-09-02T10:34,email,North West,35-44,English,82,fashion,68.34,8,2,Courier cannot locate parcel,"Support team, my parcel may be lost. It is around 8 days beyond the expected delivery date. Please advise. thx",lost_parcel,medium,negative,0,,1,47.9,0,0.0,1.5,0,resolved_within_7d,specialist_escalation
TKT000000697,CUST0123329,ORD00001697,2025-02-22T02:14,email,East Midlands,25-34,English,18,fashion,39.58,15,1,Parcel appears lost,Can someone check this? the courier says the parcel cannot be found. It is around 15 days beyond the expected delivery date. Thank you. #help,lost_parcel,high,negative,0,,1,52.47,0,0.0,1.5,0,resolved_within_7d,specialist_escalation
TKT000000698,CUST0067321,ORD00001698,2025-04-15T01:09,web_chat,West Midlands,35-44,English,42,sports,170.38,10,5,Order still not here,"Hello, I have been waiting for the parcel. It is around 10 days beyond the expected delivery date. Please get back to me. ASAP",delivery_late,high,negative,0,,0,27.58,0,0.0,2.5,0,resolved_within_7d,resolved_standard
TKT000000699,CUST0013953,ORD00001699,2025-09-04T15:44,web_chat,East Midlands,25-34,English,32,beauty,127.29,1,0,Product is broken,I need assistance because there is visible damage. The order value is about GBP 127.29. Please get back to me. pls,damaged_item,low,neutral,0,,1,26.41,1,107.38,3.5,0,resolved_within_7d,specialist_escalation
TKT000000700,CUST0155184,ORD00001700,2025-06-10T01:54,email,South East,55-64,English,16,beauty,48.14,1,0,Item arrived damaged,Can someone check this? the box was crushed and the item is broken. The order value is about GBP 48.14. Thanks. sent from mobile,damaged_item,medium,neutral,0,,1,28.13,1,32.69,3.3,1,resolved_within_7d,specialist_escalation
TKT000000701,CUST0167739,ORD00001701,2025-10-04T21:53,web_chat,North West,35-44,Romanian,35,electronics,467.92,1,1,Product is broken,"Hello, the product is damaged. The order value is about GBP 467.92. Please get back to me. sent from mobile",damaged_item,low,negative,1,,1,27.05,1,290.1,2.5,0,resolved_within_7d,specialist_escalation
TKT000000702,CUST0193304,ORD00001702,2025-04-27T08:43,mobile_app,South East,45-54,English,11,sports,52.6,11,0,Where is my parcel?,"Hello, I have been waiting for the parcel. It is around 11 days beyond the expected delivery date. Can you confirm the next step? #help",delivery_late,low,positive,0,,0,34.92,0,0.0,2.8,0,resolved_within_7d,resolved_standard
TKT000000703,CUST0093105,ORD00001703,2025-01-23T14:40,web_chat,South East,18-24,Punjabi,37,appliances,71.47,0,3,I want to return this,Please help - please tell me how to send this back. The order value is about GBP 71.47. Thank you. ...,return_request,high,neutral,1,,0,17.22,1,43.75,3.5,0,resolved_within_7d,refund_or_return_completed
TKT000000704,CUST0053550,ORD00001704,2025-12-21T07:17,web_chat,West Midlands,25-34,Polish,56,appliances,99.35,1,0,Item arrived damaged,"Hello, the product is damaged. The order value is about GBP 99.35. Thank you. ASAP",damaged_item,low,positive,1,,0,28.23,0,0.0,3.5,0,resolved_within_7d,resolved_standard
TKT000000705,CUST0044592,ORD00001705,2025-02-26T21:20,mobile_app,West Midlands,18-24,English,27,electronics,183.11,2,3,Refund pending,,refund_status,low,positive,0,,0,26.64,1,142.58,3.3,0,resolved_within_7d,refund_or_return_completed
TKT000000706,CUST0150287,ORD00001706,2025-03-23T16:59,phone,London,25-34,English,34,toys,145.28,0,3,I want to return this,Can someone check this? is this still within the return window. The order value is about GBP 145.28. Thank you. !!!,return_request,high,neutral,1,,0,18.47,1,136.82,4.1,0,resolved_within_7d,refund_or_return_completed
TKT000000707,CUST0139050,ORD00001707,2025-05-27T21:14,phone,South East,25-34,English,7,appliances,87.77,4,3,Warranty help,Please help - the product stopped working under warranty. Please get back to me. sent from mobile,warranty,low,positive,0,,0,33.28,0,0.0,3.1,0,resolved_within_7d,resolved_standard
TKT000000708,CUST0161266,ORD00001708,2025-12-08T00:16,email,South East,25-34,English,20,electronics,248.55,3,0,Account access problem,Please help - I am locked out. Can you confirm the next step? #help,account_access,high,neutral,0,,0,12.62,0,0.0,4.1,0,resolved_within_7d,resolved_standard
TKT000000709,CUST0135634,ORD00001709,2025-07-21T11:11,mobile_app,North West,55-64,English,4,grocery,44.23,3,0,Return request,Can someone check this? I would like to return the item. The order value is about GBP 44.23. Can you confirm the next step? #help,return_request,medium,neutral,0,,0,19.43,0,0.0,3.5,0,resolved_within_7d,resolved_standard
TKT000000710,CUST0106674,ORD00001710,2025-10-10T07:57,mobile_app,West Midlands,55-64,English,18,sports,180.75,1,1,Wrong item delivered,"Hello, I received the wrong colour or model. The order value is about GBP 180.75. Can you confirm the next step?",wrong_item,medium,neutral,1,,0,28.27,0,0.0,3.7,0,resolved_within_7d,resolved_standard
TKT000000711,CUST0038206,ORD00001711,2025-02-11T08:42,web_chat,London,18-24,English,42,grocery,59.37,0,1,Product is broken,"Support team, the box was crushed and the item is broken. The order value is about GBP 59.37. Can you confirm the next step?",damaged_item,medium,positive,1,,0,20.09,1,44.88,3.8,0,resolved_within_7d,refund_or_return_completed
TKT000000712,CUST0091299,ORD00001712,2025-11-27T21:01,web_chat,North West,65+,Punjabi,33,grocery,39.32,1,5,Refund has not arrived,"Hi, I still have not received my refund. The order value is about GBP 39.32. Please get back to me.",refund_status,medium,negative,0,,0,24.47,0,0.0,2.7,0,resolved_within_7d,resolved_standard
TKT000000713,CUST0086647,ORD00001713,2025-10-15T08:14,email,West Midlands,35-44,English,53,sports,210.71,3,1,Order still not here,"Support team, I have been waiting for the parcel. It is around 3 days beyond the expected delivery date. Please get back to me. ...",delivery_late,urgent,neutral,0,,0,15.25,0,0.0,4.4,0,resolved_within_7d,resolved_standard
TKT000000714,CUST0012901,ORD00001714,2025-04-10T05:57,phone,London,55-64,English,35,toys,131.31,2,3,Where is my refund?,"Hello, I still have not received my refund. The order value is about GBP 131.31. Thank you. #help",refund_status,urgent,negative,0,,1,25.37,1,119.1,3.0,0,resolved_within_7d,specialist_escalation
TKT000000715,CUST0143345,ORD00001715,2025-07-22T23:59,web_chat,West Midlands,65+,English,28,electronics,325.36,1,2,Wrong item delivered,"Hi, this is the incorrect item. The order value is about GBP 325.36. Thanks. thx",wrong_item,medium,neutral,0,,1,28.17,1,302.42,2.8,0,resolved_within_7d,specialist_escalation
TKT000000716,CUST0182813,ORD00001716,2025-11-03T17:47,email,South East,18-24,English,71,electronics,191.77,0,0,Checkout charge issue,"Hello, the card payment is incorrect. Please advise. !!!",payment_issue,low,positive,0,,0,20.85,0,0.0,3.5,0,resolved_within_7d,resolved_standard
TKT000000717,CUST0114918,ORD00001717,2025-12-26T03:44,mobile_app,London,25-34,English,10,electronics,45.55,1,1,Return request,"Support team, I would like to return the item. The order value is about GBP 45.55. Please get back to me. thx",return_request,low,negative,1,,0,15.9,0,0.0,3.7,0,resolved_within_7d,resolved_standard
TKT000000718,CUST0044149,ORD00001718,2025-02-04T10:24,web_chat,London,65+,Punjabi,49,beauty,212.62,0,1,Card charged incorrectly,"Support team, the card payment is incorrect. Please advise. pls",payment_issue,medium,positive,0,,1,25.81,0,0.0,3.7,0,resolved_within_7d,specialist_escalation
TKT000000719,CUST0088266,ORD00001719,2025-12-23T21:23,web_chat,North West,65+,English,58,appliances,859.96,6,2,This is not what I ordered,Can someone check this? I received the wrong colour or model. The order value is about GBP 859.96. Please get back to me. !!!,wrong_item,urgent,negative,1,,1,34.47,0,0.0,,0,resolved_within_7d,specialist_escalation
TKT000000720,CUST0176095,ORD00001720,2025-10-21T23:18,web_chat,South West,35-44,English,15,grocery,26.03,1,1,Login not working,Can someone check this? I am locked out. I need this resolved soon.,account_access,medium,negative,0,,0,6.52,1,25.23,3.8,0,resolved_within_7d,refund_or_return_completed
TKT000000721,CUST0033340,ORD00001721,2025-04-14T15:13,web_chat,London,45-54,English,28,toys,123.83,2,2,Card charged incorrectly,"Hello, my payment failed but I see a charge. Thanks. #help",payment_issue,low,negative,0,,1,26.64,0,0.0,3.3,0,resolved_within_7d,specialist_escalation
TKT000000722,CUST0005091,ORD00001722,2025-10-11T02:15,web_chat,Northern Ireland,35-44,English,14,fashion,18.6,3,1,Where is my parcel?,I need assistance because the delivery date has passed. It is around 3 days beyond the expected delivery date. Can you confirm the next step? ...,delivery_late,high,negative,0,,0,16.74,0,0.0,3.1,1,resolved_within_7d,resolved_standard
TKT000000723,CUST0060748,ORD00001723,2025-03-08T00:09,email,London,35-44,English,17,appliances,94.83,0,2,Account access problem,"Hi, the password reset is not working. Thanks. pls",account_access,medium,neutral,0,,0,8.69,0,0.0,4.5,0,resolved_within_7d,resolved_standard
TKT000000724,CUST0176983,ORD00001724,2025-12-02T08:12,web_chat,London,45-54,English,109,home,96.03,2,2,Where is my refund?,Can someone check this? I still have not received my refund. The order value is about GBP 96.03. Please get back to me. sent from mobile,refund_status,medium,positive,0,,0,18.92,1,58.68,,0,resolved_within_7d,refund_or_return_completed
TKT000000725,CUST0008277,ORD00001725,2025-05-05T02:35,mobile_app,Wales,35-44,English,16,appliances,352.73,2,3,Refund has not arrived,"Hi, I still have not received my refund. The order value is about GBP 352.73. I need this resolved soon. sent from mobile",refund_status,high,negative,0,,1,28.68,0,0.0,2.8,0,resolved_within_7d,specialist_escalation
TKT000000726,CUST0173780,ORD00001726,2025-07-13T05:49,email,South West,25-34,English,64,electronics,257.89,8,1,Delivery delayed,I need assistance because tracking has not moved. It is around 8 days beyond the expected delivery date. Thanks. !!!,delivery_late,high,neutral,0,,0,22.72,0,0.0,3.4,0,resolved_within_7d,resolved_standard
TKT000000727,CUST0080628,ORD00001727,2025-05-18T23:55,email,South East,65+,English,33,home,34.28,1,0,Refund pending,"Support team, please check my refund status. The order value is about GBP 34.28. Can you confirm the next step? sent from mobile",refund_status,medium,negative,0,,0,20.85,1,31.16,3.8,0,resolved_within_7d,refund_or_return_completed
TKT000000728,CUST0172952,ORD00001728,2025-01-03T16:55,web_chat,Wales,25-34,Punjabi,27,grocery,11.67,0,4,Card charged incorrectly,Please help - checkout did not complete properly. Thanks. ...,payment_issue,low,positive,0,,0,23.73,0,0.0,3.6,0,resolved_within_7d,resolved_standard
TKT000000729,CUST0086613,ORD00001729,2025-10-03T05:43,email,South East,18-24,English,57,fashion,112.49,0,1,This is not what I ordered,"Hi, the item in the box is not what I ordered. The order value is about GBP 112.49. Thank you. ASAP",wrong_item,medium,positive,1,,0,18.09,0,0.0,3.9,0,resolved_within_7d,resolved_standard
TKT000000730,CUST0002878,ORD00001730,2025-06-05T05:10,email,London,18-24,English,118,electronics,72.88,0,5,Refund has not arrived,I need assistance because please check my refund status. The order value is about GBP 72.88. Please advise.,refund_status,medium,negative,0,,0,22.48,0,0.0,3.3,0,resolved_within_7d,resolved_standard
TKT000000731,CUST0000363,ORD00001731,2025-06-14T01:42,email,North West,55-64,English,25,appliances,39.19,3,4,Refund has not arrived,"Support team, please check my refund status. The order value is about GBP 39.19. Can you confirm the next step? ...",refund_status,medium,negative,0,,1,32.69,1,29.34,2.1,0,resolved_within_7d,specialist_escalation
TKT000000732,CUST0095512,ORD00001732,2025-01-02T18:00,web_chat,Yorkshire,55-64,English,51,fashion,27.1,0,4,Account access problem,I need assistance because the login keeps failing. Thanks. #help,account_access,medium,positive,0,,0,6.93,0,0.0,4.3,0,resolved_within_7d,resolved_standard
TKT000000733,CUST0146317,ORD00001733,2025-01-19T11:20,web_chat,London,45-54,English,71,appliances,228.85,0,1,Account access problem,"Hello, the login keeps failing. Please get back to me. pls",account_access,medium,negative,0,,0,5.37,0,0.0,4.3,0,resolved_within_7d,resolved_standard
TKT000000734,CUST0110070,ORD00001734,2025-04-16T10:20,email,West Midlands,45-54,English,28,fashion,29.23,3,0,Return request,"Hi, is this still within the return window. The order value is about GBP 29.23. Thank you. sent from mobile",return_request,low,negative,1,,0,20.71,0,0.0,2.6,0,resolved_within_7d,resolved_standard
TKT000000735,CUST0000073,ORD00001735,2025-01-06T09:15,web_chat,South West,55-64,English,38,appliances,254.19,2,3,I want to return this,"Support team, I would like to return the item. The order value is about GBP 254.19. I need this resolved soon.",return_request,high,negative,0,,1,22.82,1,189.02,3.1,0,resolved_within_7d,specialist_escalation
TKT000000736,CUST0186855,ORD00001736,2025-02-17T02:42,mobile_app,Scotland,45-54,English,102,home,394.89,2,2,Need product information,"Hello, please clarify the product details. Thank you. #help",product_question,medium,negative,0,,0,10.31,0,0.0,4.0,0,resolved_within_7d,resolved_standard
TKT000000737,CUST0085492,ORD00001737,2025-06-03T04:00,web_chat,West Midlands,35-44,English,92,beauty,93.02,5,2,Order still not here,Can someone check this? I have been waiting for the parcel. It is around 5 days beyond the expected delivery date. Can you confirm the next step? ASAP,delivery_late,medium,negative,0,,0,20.12,0,0.0,3.3,0,resolved_within_7d,resolved_standard
TKT000000738,CUST0139618,ORD00001738,2025-02-02T15:20,mobile_app,Northern Ireland,45-54,English,25,beauty,34.6,10,2,Order still not here,Can someone check this? tracking has not moved. It is around 10 days beyond the expected delivery date. Can you confirm the next step? ...,delivery_late,low,negative,0,,1,39.35,0,0.0,2.3,0,resolved_within_7d,specialist_escalation
TKT000000739,CUST0040193,ORD00001739,2025-06-09T13:21,web_chat,Scotland,55-64,English,35,electronics,349.53,3,3,Refund pending,I need assistance because I returned the item but no refund is visible. The order value is about GBP 349.53. Thanks. ...,refund_status,medium,negative,0,,1,27.79,0,0.0,2.8,0,resolved_within_7d,specialist_escalation
TKT000000740,CUST0136179,ORD00001740,2025-06-28T20:35,email,South East,25-34,English,25,home,485.6,1,4,Is this covered by warranty?,Can someone check this? is this fault covered. Please advise. pls,warranty,low,positive,0,,1,36.42,0,0.0,3.2,0,resolved_within_7d,specialist_escalation
TKT000000741,CUST0040814,ORD00001741,2025-04-08T22:21,web_chat,South East,25-34,English,29,toys,120.32,4,3,Order still not here,Please help - tracking has not moved. It is around 4 days beyond the expected delivery date. Thank you. #help,delivery_late,medium,neutral,0,,0,17.35,0,0.0,4.5,0,resolved_within_7d,resolved_standard
TKT000000742,CUST0112666,ORD00001742,2025-05-24T03:12,web_chat,London,25-34,Romanian,7,fashion,75.84,0,0,Product is broken,"Support team, there is visible damage. The order value is about GBP 75.84. Please advise. thx",damaged_item,low,positive,0,,1,26.25,0,0.0,3.2,0,resolved_within_7d,specialist_escalation
TKT000000743,CUST0167251,ORD00001743,2025-08-15T16:19,web_chat,South West,65+,English,22,fashion,73.07,2,0,Return request,Can someone check this? I want to start a return. The order value is about GBP 73.07. Can you confirm the next step? #help,return_request,urgent,positive,0,,0,29.29,0,0.0,3.1,0,resolved_within_7d,resolved_standard
TKT000000744,CUST0089175,ORD00001744,2025-04-13T15:14,web_chat,East Midlands,35-44,English,88,beauty,372.56,0,3,Refund pending,"Support team, the refund is showing as pending. The order value is about GBP 372.56. Can you confirm the next step? #help",refund_status,medium,neutral,0,,0,20.17,0,0.0,3.9,0,resolved_within_7d,resolved_standard
TKT000000745,CUST0132026,ORD00001745,2025-11-29T23:11,web_chat,North West,35-44,English,25,home,19.38,1,1,Question before using item,Can someone check this? I have a question about compatibility. I need this resolved soon. !!!,product_question,medium,positive,0,,0,8.04,0,0.0,4.5,0,resolved_within_7d,resolved_standard
TKT000000746,CUST0091588,ORD00001746,2025-07-16T01:27,phone,Wales,35-44,English,27,electronics,27.93,8,1,Order still not here,"Hi, I have been waiting for the parcel. It is around 8 days beyond the expected delivery date. Can you confirm the next step? thx",delivery_late,medium,neutral,0,,0,21.49,0,0.0,3.8,0,resolved_within_7d,resolved_standard
TKT000000747,CUST0143707,ORD00001747,2025-07-08T07:42,phone,East Midlands,45-54,English,6,fashion,159.22,18,0,Parcel appears lost,I need assistance because the delivery has disappeared from tracking. It is around 18 days beyond the expected delivery date. Please get back to me. ASAP,lost_parcel,medium,negative,0,,0,64.38,1,130.69,1.1,0,resolved_within_7d,refund_or_return_completed
TKT000000748,CUST0074076,ORD00001748,2025-09-13T03:28,web_chat,North West,18-24,English,36,home,38.01,1,2,Where is my refund?,"HI, I RETURNED THE ITEM BUT NO REFUND IS VISIBLE. THE ORDER VALUE IS ABOUT GBP 38.01. PLEASE ADVISE. SENT FROM MOBILE",refund_status,medium,negative,0,,0,20.9,1,29.62,3.9,0,resolved_within_7d,refund_or_return_completed
TKT000000749,CUST0140879,ORD00001749,2025-11-26T02:07,phone,Northern Ireland,35-44,English,5,beauty,59.53,4,2,Where is my parcel?,"Support team, my order is late. It is around 4 days beyond the expected delivery date. I need this resolved soon. sent from mobile",delivery_late,medium,negative,0,,1,22.74,0,0.0,3.3,0,resolved_within_7d,specialist_escalation
TKT000000750,CUST0199779,ORD00001750,2025-01-26T07:58,mobile_app,South East,65+,English,109,sports,47.25,2,2,Wrong item delivered,Please help - I received the wrong colour or model. The order value is about GBP 47.25. Thanks. pls,wrong_item,urgent,negative,0,,0,22.11,1,46.17,3.3,0,resolved_within_7d,refund_or_return_completed
TKT000000751,CUST0183997,ORD00001751,2025-12-06T07:38,web_chat,West Midlands,45-54,English,17,electronics,278.74,0,4,Product is broken,"Hello, the product is damaged. The order value is about GBP 278.74. Please advise. ...",damaged_item,low,neutral,0,,1,27.39,1,196.17,3.7,0,resolved_within_7d,specialist_escalation
TKT000000752,CUST0122943,ORD00001752,2025-01-25T18:39,web_chat,Yorkshire,35-44,English,55,toys,131.98,2,4,Refund pending,I need assistance because please check my refund status. The order value is about GBP 131.98. Thank you.,refund_status,medium,neutral,0,,0,24.8,1,123.27,3.1,0,resolved_within_7d,refund_or_return_completed
TKT000000753,CUST0185056,ORD00001753,2025-09-23T13:11,web_chat,Yorkshire,18-24,English,69,appliances,364.86,2,1,Cannot sign in,"hello, i cannot access my account. please get back to me. ...",account_access,medium,neutral,0,,0,12.96,0,0.0,3.6,0,resolved_within_7d,resolved_standard
TKT000000754,CUST0053847,ORD00001754,2025-08-23T14:29,email,West Midlands,35-44,Punjabi,90,grocery,98.09,0,1,Can I send this back?,I need assistance because I want to start a return. The order value is about GBP 98.09. Thanks. ASAP,return_request,medium,neutral,0,,0,17.4,1,77.71,3.8,0,resolved_within_7d,refund_or_return_completed
TKT000000755,CUST0006684,ORD00001755,2025-09-03T13:14,email,London,45-54,English,61,appliances,316.43,1,4,Payment problem,"Hi, I was charged twice. Thanks. sent from mobile",payment_issue,medium,neutral,0,,0,26.1,0,0.0,3.5,0,resolved_within_7d,resolved_standard
TKT000000756,CUST0103915,ORD00001756,2025-03-20T17:34,web_chat,Wales,55-64,English,14,home,110.08,7,1,Order still not here,"Support team, the delivery date has passed. It is around 7 days beyond the expected delivery date. Thanks. !!!",delivery_late,high,positive,0,,0,22.64,0,0.0,3.6,0,resolved_within_7d,resolved_standard
TKT000000757,CUST0043981,ORD00001757,2025-06-13T07:02,web_chat,London,65+,English,75,grocery,20.1,3,0,Refund pending,"Hi, the refund is showing as pending. The order value is about GBP 20.10. Please advise.",refund_status,medium,positive,0,,0,19.54,1,12.02,3.0,1,resolved_within_7d,refund_or_return_completed
TKT000000758,CUST0111289,ORD00001758,2025-03-12T17:37,mobile_app,North West,35-44,English,41,toys,23.22,0,1,Account access problem,"Hello, I cannot access my account. Can you confirm the next step? pls",account_access,low,positive,0,,0,10.26,0,0.0,4.1,0,resolved_within_7d,resolved_standard
TKT000000759,CUST0175686,ORD00001759,2025-11-19T18:10,mobile_app,Scotland,25-34,English,76,fashion,71.51,1,1,Cannot sign in,"Hello, the password reset is not working. Please advise.",account_access,medium,neutral,0,,0,7.37,0,0.0,3.8,0,resolved_within_7d,resolved_standard
TKT000000760,CUST0149263,ORD00001760,2025-11-10T17:22,phone,West Midlands,45-54,English,11,electronics,100.46,2,0,Item arrived damaged,Can someone check this? the item arrived cracked. The order value is about GBP 100.46. I need this resolved soon. thx,damaged_item,low,neutral,1,,1,31.66,1,75.37,3.2,0,resolved_within_7d,specialist_escalation
TKT000000761,CUST0071856,ORD00001761,2025-08-13T09:23,web_chat,Yorkshire,35-44,English,75,home,56.18,3,2,Delivery delayed,"Support team, the delivery date has passed. It is around 3 days beyond the expected delivery date. Thanks. !!!",delivery_late,medium,neutral,0,,0,20.8,0,0.0,3.9,0,resolved_within_7d,resolved_standard
TKT000000762,CUST0165779,ORD00001762,2025-11-07T11:55,web_chat,West Midlands,25-34,English,26,electronics,95.11,3,1,Item arrived damaged,,damaged_item,medium,negative,0,,0,26.44,0,0.0,3.1,0,resolved_within_7d,resolved_standard
TKT000000763,CUST0076106,ORD00001763,2025-07-28T19:22,web_chat,South East,25-34,English,75,home,20630.86,2,3,Refund has not arrived,I need assistance because the refund is showing as pending. The order value is about GBP 104.87. Thank you. !!!,refund_status,low,negative,0,,0,22.81,0,0.0,2.3,0,resolved_within_7d,resolved_standard
TKT000000764,CUST0042601,ORD00001764,2025-10-19T11:41,web_chat,Northern Ireland,45-54,English,22,Electronics,97.37,0,1,Damage on arrival,I need assistance because the product is damaged. The order value is about GBP 97.37. Thank you.,damaged_item,low,neutral,0,,0,24.55,1,58.01,3.5,0,resolved_within_7d,refund_or_return_completed
TKT000000765,CUST0154214,ORD00001765,2025-06-17T00:40,mobile_app,London,45-54,Polish,71,appliances,75.12,4,1,Order still not here,"Hello, my order is late. It is around 4 days beyond the expected delivery date. Thanks. pls",delivery_late,low,positive,0,,0,15.52,0,0.0,3.4,0,resolved_within_7d,resolved_standard
TKT000000766,CUST0024026,ORD00001766,2025-11-30T06:47,web_chat,North West,35-44,English,12,home,112.7,10,3,Delivery delayed,Please help - tracking has not moved. It is around 10 days beyond the expected delivery date. Thank you. ...,delivery_late,medium,negative,0,,1,29.25,0,0.0,2.8,0,resolved_within_7d,specialist_escalation
TKT000000767,CUST0156562,ORD00001767,2025-01-21T04:01,mobile_app,North West,45-54,English,36,home,116.23,1,2,Item arrived damaged,"Hello, the item arrived cracked. The order value is about GBP 116.23. Please get back to me. thx",damaged_item,medium,negative,1,,1,31.04,1,98.58,2.3,0,resolved_within_7d,specialist_escalation
TKT000000768,CUST0151687,ORD00001768,2025-11-24T12:04,web_chat,East Midlands,45-54,English,18,fashion,50.16,1,0,Card charged incorrectly,I need assistance because checkout did not complete properly. Can you confirm the next step? pls,payment_issue,medium,neutral,0,,0,21.43,0,0.0,3.7,0,resolved_within_7d,resolved_standard
TKT000000769,CUST0076410,ORD00001769,2025-05-29T11:03,web_chat,London,45-54,Urdu,36,home,54.25,0,0,Checkout charge issue,I need assistance because checkout did not complete properly. Please advise. ...,payment_issue,medium,negative,0,,0,17.83,0,0.0,3.6,0,resolved_within_7d,resolved_standard
TKT000000770,CUST0189700,ORD00001770,2025-07-04T05:56,phone,North West,35-44,English,12,sports,114.52,1,2,Refund pending,Please help - the refund is showing as pending. The order value is about GBP 114.52. Thanks. sent from mobile,refund_status,medium,neutral,0,,0,23.22,1,102.16,3.8,0,resolved_within_7d,refund_or_return_completed
TKT000000771,CUST0064863,ORD00001771,2025-11-26T08:32,web_chat,Yorkshire,35-44,English,78,fashion,336.47,1,1,Payment problem,Can someone check this? my payment failed but I see a charge. Thanks. ...,payment_issue,medium,positive,0,,0,22.01,0,0.0,3.3,0,resolved_within_7d,resolved_standard
TKT000000772,CUST0111524,ORD00001772,2025-11-29T19:54,web_chat,Northern Ireland,25-34,English,25,home,118.01,17,3,Parcel appears lost,"Hello, the courier says the parcel cannot be found. It is around 17 days beyond the expected delivery date. Please get back to me. thx",lost_parcel,low,negative,0,,1,55.02,1,118.0,1.2,0,resolved_within_7d,specialist_escalation
TKT000000773,CUST0154410,ORD00001773,2025-10-30T14:23,email,East Midlands,25-34,English,13,fashion,96.44,2,3,Delivery delayed,"Hello, my order is late. It is around 2 days beyond the expected delivery date. Thanks. thx",delivery_late,medium,negative,0,,0,18.42,0,0.0,3.2,0,resolved_within_7d,resolved_standard
TKT000000774,CUST0023722,ORD00001774,2025-01-17T07:11,mobile_app,London,45-54,Urdu,32,electronics,270.04,1,0,Where is my refund?,can someone check this? i still have not received my refund. the order value is about gbp 270.04. thank you. sent from mobile,refund_status,medium,negative,1,,0,17.18,1,169.74,2.9,0,resolved_within_7d,refund_or_return_completed
TKT000000775,CUST0182488,ORD00001775,2025-05-05T16:09,web_chat,London,55-64,English,65,electronics,197.99,1,1,Refund pending,Can someone check this? the refund is showing as pending. The order value is about GBP 197.99. Thanks. thx,refund_status,high,negative,0,,1,26.79,1,140.51,2.2,0,resolved_within_7d,specialist_escalation
TKT000000776,CUST0133960,ORD00001776,2025-04-02T20:21,mobile_app,East Midlands,45-54,English,10,grocery,42.65,5,1,Order still not here,I need assistance because the delivery date has passed. It is around 5 days beyond the expected delivery date. Please advise. pls,delivery_late,medium,negative,0,,0,18.6,0,0.0,3.8,0,resolved_within_7d,resolved_standard
TKT000000777,CUST0146393,ORD00001777,2025-01-30T05:29,phone,South East,35-44,English,29,sports,148.05,7,1,Order still not here,"Support team, I have been waiting for the parcel. It is around 7 days beyond the expected delivery date. Please get back to me. sent from mobile",delivery_late,medium,negative,0,,0,22.52,0,0.0,3.2,0,resolved_within_7d,resolved_standard
TKT000000778,CUST0195661,ORD00001778,2025-08-12T14:47,web_chat,East Midlands,65+,English,47,electronics,591.7,0,3,Product is broken,"Support team, the product is damaged. The order value is about GBP 591.70. Thank you. pls",damaged_item,urgent,negative,0,,1,38.69,0,0.0,2.0,0,resolved_within_7d,specialist_escalation
TKT000000779,CUST0107846,ORD00001779,2025-12-01T00:43,web_chat,West Midlands,18-24,Romanian,2,fashion,186.92,10,2,Delivery delayed,Can someone check this? my order is late. It is around 10 days beyond the expected delivery date. Thank you. thx,delivery_late,medium,neutral,0,,0,22.77,0,0.0,3.5,0,resolved_within_7d,resolved_standard
TKT000000780,CUST0061138,ORD00001780,2025-12-06T20:47,email,South East,45-54,English,9,fashion,74.38,1,3,Refund has not arrived,"Hello, I still have not received my refund. The order value is about GBP 74.38. Thank you. thx",refund_status,high,positive,0,,0,29.89,0,0.0,3.2,0,resolved_within_7d,resolved_standard
TKT000000781,CUST0033759,ORD00001781,2025-06-05T16:58,web_chat,London,35-44,English,38,appliances,125.41,2,5,Return request,"Hello, I would like to return the item. The order value is about GBP 125.41. Thanks. #help",return_request,medium,positive,1,,1,25.75,0,0.0,3.4,0,resolved_within_7d,specialist_escalation
TKT000000782,CUST0018968,ORD00001782,2025-07-14T21:56,email,South East,65+,English,20,sports,45.37,2,1,Need product information,Can someone check this? please clarify the product details. I need this resolved soon. thx,product_question,medium,negative,0,,0,19.73,0,0.0,3.1,0,resolved_within_7d,resolved_standard
TKT000000783,CUST0158338,ORD00001783,2025-12-22T21:11,web_chat,London,45-54,English,21,fashion,201.59,10,3,Order still not here,Can someone check this? the delivery date has passed. It is around 10 days beyond the expected delivery date. Can you confirm the next step?,delivery_late,high,negative,0,,1,31.35,0,0.0,2.3,0,resolved_within_7d,specialist_escalation
TKT000000784,CUST0081682,ORD00001784,2025-04-29T10:00,mobile_app,Scotland,45-54,English,26,fashion,161.53,2,0,I want to return this,"Hi, I want to start a return. The order value is about GBP 161.53. Please advise. ...",return_request,medium,positive,1,,0,22.46,0,0.0,,0,resolved_within_7d,resolved_standard
TKT000000785,CUST0091387,ORD00001785,2025-05-22T11:52,web_chat,South East,25-34,English,43,beauty,91.86,2,2,Item arrived damaged,Can someone check this? there is visible damage. The order value is about GBP 91.86. Please advise. #help,damaged_item,medium,negative,1,,1,29.4,0,0.0,2.8,0,resolved_within_7d,specialist_escalation
TKT000000786,CUST0194147,ORD00001786,2025-07-14T22:38,web_chat,South East,35-44,English,51,sports,54.56,1,3,Damage on arrival,Please help - the product is damaged. The order value is about GBP 54.56. Thanks. sent from mobile,damaged_item,medium,negative,1,,1,29.53,0,0.0,3.5,0,resolved_within_7d,specialist_escalation
TKT000000787,CUST0124217,ORD00001787,2025-11-01T19:47,web_chat,South East,35-44,English,13,electronics,129.3,0,4,Refund pending,Please help - I still have not received my refund. The order value is about GBP 129.30. I need this resolved soon. pls,refund_status,medium,negative,0,,0,22.48,1,74.23,,0,resolved_within_7d,refund_or_return_completed
TKT000000788,CUST0166550,ORD00001788,2025-12-01T21:18,email,London,65+,English,5,beauty,254.35,1,1,Login not working,I need assistance because the login keeps failing. Please get back to me. thx,account_access,high,positive,0,,1,19.68,0,0.0,3.1,0,resolved_within_7d,specialist_escalation
TKT000000789,CUST0009728,ORD00001789,2025-10-23T09:41,email,London,35-44,English,6,toys,93.83,0,1,Payment problem,I need assistance because checkout did not complete properly. Thank you. sent from mobile,payment_issue,medium,neutral,0,,0,22.99,0,0.0,3.4,0,resolved_within_7d,resolved_standard
TKT000000790,CUST0143028,ORD00001790,2025-08-30T06:29,email,South West,25-34,English,27,appliances,73.95,9,0,Order still not here,Can someone check this? my order is late. It is around 9 days beyond the expected delivery date. Thank you. ASAP,delivery_late,low,neutral,0,,0,24.25,0,0.0,3.0,0,resolved_within_7d,resolved_standard
TKT000000791,CUST0105479,ORD00001791,2025-08-21T15:03,email,South East,25-34,English,47,electronics,210.78,0,3,I want to return this,i need assistance because is this still within the return window. the order value is about gbp 210.78. please get back to me. pls,return_request,high,negative,1,,1,22.99,1,123.35,2.9,0,resolved_within_7d,specialist_escalation
TKT000000792,CUST0131705,ORD00001792,2025-03-03T04:29,mobile_app,London,35-44,English,20,home,16.92,1,0,Refund pending,"Hi, the refund is showing as pending. The order value is about GBP 16.92. Thanks. !!!",refund_status,medium,positive,0,,0,16.59,0,0.0,4.2,0,resolved_within_7d,resolved_standard
TKT000000793,CUST0084246,ORD00001793,2025-04-27T02:25,email,London,25-34,English,9,appliances,184.89,0,4,Card charged incorrectly,I need assistance because my payment failed but I see a charge. Please advise.,payment_issue,medium,negative,0,,1,27.3,0,0.0,2.6,0,resolved_within_7d,specialist_escalation
TKT000000794,CUST0098043,ORD00001794,2025-05-25T09:01,web_chat,West Midlands,18-24,English,32,fashion,58.56,4,3,Delivery delayed,I need assistance because I have been waiting for the parcel. It is around 4 days beyond the expected delivery date. Thanks. !!!,delivery_late,medium,positive,0,,0,20.87,0,0.0,3.5,0,resolved_within_7d,resolved_standard
TKT000000795,CUST0088595,ORD00001795,2025-05-19T05:22,email,South East,25-34,Urdu,49,sports,200.81,2,2,Order still not here,"Hello, I have been waiting for the parcel. It is around 2 days beyond the expected delivery date. Can you confirm the next step? sent from mobile",delivery_late,high,positive,0,,0,16.7,0,0.0,4.4,0,resolved_within_7d,resolved_standard
TKT000000796,CUST0140163,ORD00001796,2025-05-28T17:55,mobile_app,North West,45-54,English,30,grocery,40.51,2,1,Product is broken,"Hello, the box was crushed and the item is broken. The order value is about GBP 40.51. Thank you. !!!",damaged_item,medium,neutral,1,,0,22.28,1,27.5,3.8,0,resolved_within_7d,refund_or_return_completed
TKT000000797,CUST0017959,ORD00001797,2025-02-13T05:47,mobile_app,South West,45-54,English,27,electronics,68.42,2,2,Can I send this back?,"Hi, is this still within the return window. The order value is about GBP 68.42. Please get back to me. sent from mobile",return_request,medium,negative,0,,0,15.23,0,0.0,3.0,0,resolved_within_7d,resolved_standard
TKT000000798,CUST0036717,ORD00001798,2025-03-29T06:41,mobile_app,Scotland,45-54,English,48,electronics,281.36,3,2,This is not what I ordered,Can someone check this? I received the wrong colour or model. The order value is about GBP 281.36. I need this resolved soon. pls,wrong_item,high,negative,0,,1,29.0,0,0.0,2.3,1,resolved_within_7d,specialist_escalation
TKT000000799,CUST0097209,ORD00001799,2025-07-19T12:28,email,Yorkshire,65+,English,37,beauty,161.53,1,3,Account access problem,I need assistance because the login keeps failing. Please get back to me. !!!,account_access,medium,positive,0,,1,16.47,0,0.0,3.6,0,resolved_within_7d,specialist_escalation
TKT000000800,CUST0194678,ORD00001800,2025-04-15T16:34,web_chat,Scotland,18-24,English,21,fashion,153.61,0,2,Refund has not arrived,"Support team, I returned the item but no refund is visible. The order value is about GBP 153.61. Please advise.",refund_status,low,neutral,0,,0,15.13,1,132.86,4.0,0,resolved_within_7d,refund_or_return_completed
TKT000000801,CUST0157830,ORD00001801,2025-03-01T19:31,phone,North West,25-34,English,18,fashion,132.8,1,1,Need product information,"Hello, please clarify the product details. I need this resolved soon. ASAP",product_question,medium,positive,0,,0,13.36,0,0.0,4.2,0,resolved_within_7d,resolved_standard
TKT000000802,CUST0143379,ORD00001802,2025-02-14T01:14,web_chat,London,55-64,English,26,grocery,31.32,2,1,Product is broken,"Hi, the product is damaged. The order value is about GBP 31.32. Thank you. ASAP",damaged_item,low,negative,1,,1,34.64,0,0.0,1.7,0,resolved_within_7d,specialist_escalation
TKT000000803,CUST0166421,ORD00001803,2025-01-10T22:13,web_chat,Scotland,35-44,English,12,beauty,111.86,7,0,Order still not here,Please help - the delivery date has passed. It is around 7 days beyond the expected delivery date. Can you confirm the next step? ...,delivery_late,medium,neutral,0,,0,18.48,0,0.0,3.4,0,resolved_within_7d,resolved_standard
TKT000000804,CUST0190200,ORD00001804,2025-05-26T17:18,email,East Midlands,18-24,English,60,grocery,87.7,1,1,Is this covered by warranty?,I need assistance because I need help with the warranty. Thank you. !!!,warranty,medium,positive,0,,1,30.55,0,0.0,2.8,0,resolved_within_7d,specialist_escalation
TKT000000805,CUST0148086,ORD00001805,2025-04-27T12:21,web_chat,London,35-44,English,28,beauty,102.24,1,1,This is not what I ordered,I need assistance because the item in the box is not what I ordered. The order value is about GBP 102.24. Please get back to me.,wrong_item,medium,neutral,1,,0,17.15,0,0.0,4.2,0,resolved_within_7d,resolved_standard
TKT000000806,CUST0028539,ORD00001806,2025-11-04T11:32,web_chat,East Midlands,18-24,English,46,electronics,733.07,3,0,Order still not here,Please help - I have been waiting for the parcel. It is around 3 days beyond the expected delivery date. Thank you. sent from mobile,delivery_late,high,negative,0,,0,16.76,0,0.0,3.4,0,resolved_within_7d,resolved_standard
TKT000000807,CUST0181898,ORD00001807,2025-11-19T07:16,email,South East,35-44,English,9,toys,15.6,1,2,Warranty help,Please help - I need help with the warranty. Thank you. ...,warranty,medium,neutral,0,,0,26.69,0,0.0,3.6,0,resolved_within_7d,resolved_standard
TKT000000808,CUST0110189,ORD00001808,2025-10-04T03:49,web_chat,Yorkshire,25-34,English,64,home,208.05,6,0,Order still not here,Can someone check this? I have been waiting for the parcel. It is around 6 days beyond the expected delivery date. Can you confirm the next step? pls,delivery_late,medium,positive,0,,0,18.33,0,0.0,,0,resolved_within_7d,resolved_standard
TKT000000809,CUST0067570,ORD00001809,2025-10-21T11:19,web_chat,Yorkshire,55-64,English,49,fashion,66.76,0,1,Can I send this back?,Please help - please tell me how to send this back. The order value is about GBP 66.76. Can you confirm the next step? !!!,return_request,low,negative,1,,0,14.98,0,0.0,3.8,0,resolved_within_7d,resolved_standard
TKT000000810,CUST0144506,ORD00001810,2025-01-16T21:12,mobile_app,West Midlands,25-34,English,43,appliances,86.75,6,2,Delivery delayed,Can someone check this? the delivery date has passed. It is around 6 days beyond the expected delivery date. Can you confirm the next step? sent from mobile,delivery_late,high,negative,0,,1,25.4,0,0.0,2.8,0,resolved_within_7d,specialist_escalation
TKT000000811,CUST0052164,ORD00001811,2025-04-07T08:52,web_chat,Yorkshire,45-54,English,38,home,27.49,3,2,Login not working,I need assistance because I am locked out. Thank you.,account_access,medium,negative,0,,0,12.59,0,0.0,4.1,0,resolved_within_7d,resolved_standard
TKT000000812,CUST0011532,ORD00001812,2025-12-19T05:01,web_chat,West Midlands,65+,English,22,fashion,64.42,0,2,Damage on arrival,I need assistance because the product is damaged. The order value is about GBP 64.42. Thanks. !!!,damaged_item,medium,neutral,0,,0,25.85,1,55.35,2.9,0,resolved_within_7d,refund_or_return_completed
TKT000000813,CUST0012145,ORD00001813,2025-01-11T15:38,email,London,18-24,English,46,grocery,58.08,0,2,Warranty help,"Support team, is this fault covered. Please advise. !!!",warranty,medium,negative,0,,1,28.9,0,0.0,2.6,0,resolved_within_7d,specialist_escalation
TKT000000814,CUST0183570,ORD00001814,2025-07-13T07:58,web_chat,London,55-64,English,19,electronics,69.23,2,4,Payment problem,Can someone check this? my payment failed but I see a charge. Can you confirm the next step?,payment_issue,medium,negative,0,,0,34.1,0,0.0,2.3,0,resolved_within_7d,resolved_standard
TKT000000815,CUST0112743,ORD00001815,2025-04-03T21:36,phone,North West,35-44,English,17,electronics,193.24,6,2,Where is my parcel?,"Support team, my order is late. It is around 6 days beyond the expected delivery date. Thanks. thx",delivery_late,high,neutral,0,,1,36.37,0,0.0,2.6,0,resolved_within_7d,specialist_escalation
TKT000000816,CUST0181613,ORD00001816,2025-03-26T18:59,web_chat,South East,35-44,English,52,sports,55.63,1,2,Need product information,Please help - please clarify the product details. Thanks. sent from mobile,product_question,high,negative,0,,0,8.22,0,0.0,3.9,0,resolved_within_7d,resolved_standard
TKT000000817,CUST0182072,ORD00001817,2025-09-26T10:55,mobile_app,London,45-54,English,11,fashion,61.6,0,0,Incorrect product received,I need assistance because I received the wrong colour or model. The order value is about GBP 61.60. I need this resolved soon. thx,wrong_item,medium,neutral,0,,0,18.21,1,52.88,4.0,0,resolved_within_7d,refund_or_return_completed
TKT000000818,CUST0115345,ORD00001818,2025-01-20T02:22,phone,South West,55-64,English,64,fashion,50.28,1,2,Account access problem,I need assistance because I cannot access my account. Please get back to me. ...,account_access,medium,negative,0,,0,8.34,0,0.0,4.0,0,resolved_within_7d,resolved_standard
TKT000000819,CUST0030276,ORD00001819,2025-05-28T07:36,web_chat,East Midlands,45-54,Punjabi,40,toys,78.12,0,2,Item arrived damaged,"Support team, the product is damaged. The order value is about GBP 78.12. Thank you. ASAP",damaged_item,medium,negative,1,,1,25.86,1,67.79,2.4,0,resolved_within_7d,specialist_escalation
TKT000000820,CUST0071798,ORD00001820,2025-02-08T09:02,mobile_app,London,25-34,English,22,appliances,160.65,0,2,This is not what I ordered,"Hi, this is the incorrect item. The order value is about GBP 160.65. Thanks.",wrong_item,medium,neutral,0,,0,19.51,1,139.4,4.5,0,resolved_within_7d,refund_or_return_completed
TKT000000821,CUST0127064,ORD00001821,2025-05-03T08:50,phone,Yorkshire,25-34,English,30,electronics,121.87,3,1,Can I send this back?,"Support team, please tell me how to send this back. The order value is about GBP 121.87. Please advise. sent from mobile",return_request,high,neutral,1,,0,21.1,1,108.86,3.6,0,resolved_within_7d,refund_or_return_completed
TKT000000822,CUST0024977,ORD00001822,2025-03-13T22:52,email,South East,65+,English,63,grocery,23.76,1,5,Incorrect product received,"Hi, this is the incorrect item. The order value is about GBP 23.76. I need this resolved soon. ...",wrong_item,medium,negative,0,,1,28.66,0,0.0,2.5,0,resolved_within_7d,specialist_escalation
TKT000000823,CUST0098251,ORD00001823,2025-03-18T12:57,web_chat,Scotland,65+,English,59,fashion,125.07,2,2,I want to return this,Please help - is this still within the return window. The order value is about GBP 125.07. Thank you. ...,return_request,medium,positive,1,,0,15.87,1,103.11,3.8,0,resolved_within_7d,refund_or_return_completed
TKT000000824,CUST0179277,ORD00001824,2025-04-18T04:56,email,London,25-34,English,5,fashion,241.17,6,0,Order still not here,I need assistance because the delivery date has passed. It is around 6 days beyond the expected delivery date. Can you confirm the next step? sent from mobile,delivery_late,low,negative,0,,1,24.78,0,0.0,2.6,0,resolved_within_7d,specialist_escalation
TKT000000825,CUST0124861,ORD00001825,2025-03-02T11:16,mobile_app,Yorkshire,35-44,Urdu,28,toys,234.76,4,1,Cannot sign in,Please help - I am locked out. I need this resolved soon. sent from mobile,account_access,medium,negative,0,,1,17.68,0,0.0,3.2,0,resolved_within_7d,specialist_escalation
TKT000000826,CUST0146995,ORD00001826,2025-01-12T11:34,mobile_app,North West,25-34,Punjabi,2,grocery,49.74,4,2,Refund has not arrived,I need assistance because I still have not received my refund. The order value is about GBP 49.74. I need this resolved soon.,refund_status,medium,negative,0,,1,26.77,1,32.73,2.2,0,resolved_within_7d,specialist_escalation
TKT000000827,CUST0164079,ORD00001827,2025-06-09T11:45,email,East Midlands,25-34,English,18,fashion,27.75,8,1,Where is my parcel?,Please help - the delivery date has passed. It is around 8 days beyond the expected delivery date. Please advise. sent from mobile,delivery_late,medium,negative,0,,0,24.66,0,0.0,3.1,0,resolved_within_7d,resolved_standard
TKT000000828,CUST0161363,ORD00001828,2025-07-22T19:25,mobile_app,South West,35-44,English,34,grocery,108.23,2,2,Delivery delayed,"Hi, I have been waiting for the parcel. It is around 2 days beyond the expected delivery date. Please advise. !!!",delivery_late,medium,neutral,0,,0,16.61,1,63.81,3.4,0,resolved_within_7d,refund_or_return_completed
TKT000000829,CUST0082062,ORD00001829,2025-07-25T20:33,email,North West,35-44,Welsh,36,electronics,103.35,1,3,Refund pending,Can someone check this? I still have not received my refund. The order value is about GBP 103.35. I need this resolved soon.,refund_status,medium,negative,0,,1,25.01,0,0.0,2.8,0,resolved_within_7d,specialist_escalation
TKT000000830,CUST0191745,ORD00001830,2025-02-08T00:04,mobile_app,London,45-54,English,37,home,127.81,1,1,Question before using item,"Support team, please clarify the product details. Please advise.",product_question,medium,neutral,0,,0,14.6,0,0.0,3.8,0,resolved_within_7d,resolved_standard
TKT000000831,CUST0011155,ORD00001831,2025-01-15T06:20,web_chat,London,35-44,English,73,home,144.96,1,3,Warranty claim question,"Hello, is this fault covered. Can you confirm the next step? ...",warranty,medium,negative,0,,0,29.82,0,0.0,3.2,0,resolved_within_7d,resolved_standard
TKT000000832,CUST0175199,ORD00001832,2025-03-15T22:20,web_chat,London,65+,English,49,electronics,225.2,0,2,This is not what I ordered,"Hi, this is the incorrect item. The order value is about GBP 225.20. Thank you. #help",wrong_item,medium,positive,0,,1,25.03,0,0.0,2.7,0,resolved_within_7d,specialist_escalation
TKT000000833,CUST0081240,ORD00001833,2025-11-26T17:58,email,West Midlands,25-34,English,37,sports,43.9,0,0,Product is broken,I need assistance because the box was crushed and the item is broken. The order value is about GBP 43.90. Thanks. pls,damaged_item,medium,negative,0,,0,19.99,0,0.0,3.5,0,resolved_within_7d,resolved_standard
TKT000000834,CUST0033003,ORD00001834,2025-06-08T00:33,web_chat,West Midlands,35-44,English,9,fashion,115.36,7,2,Where is my parcel?,"Hi, tracking has not moved. It is around 7 days beyond the expected delivery date. Please get back to me. thx",delivery_late,medium,neutral,0,,0,22.9,0,0.0,3.4,0,resolved_within_7d,resolved_standard
TKT000000835,CUST0163280,ORD00001835,2025-03-16T15:48,email,South West,65+,English,8,beauty,54.87,2,2,I want to return this,Please help - is this still within the return window. The order value is about GBP 54.87. Please advise. sent from mobile,return_request,medium,positive,0,,0,17.08,0,0.0,4.0,0,resolved_within_7d,resolved_standard
TKT000000836,CUST0121289,ORD00001836,2025-09-02T12:53,web_chat,West Midlands,35-44,English,20,electronics,103.25,1,3,Damage on arrival,Please help - the box was crushed and the item is broken. The order value is about GBP 103.25. I need this resolved soon. ...,damaged_item,medium,negative,0,,0,27.89,1,77.37,2.9,0,resolved_within_7d,refund_or_return_completed
TKT000000837,CUST0076873,ORD00001837,2025-10-21T17:48,email,Northern Ireland,35-44,English,16,fashion,244.88,0,2,Account access problem,"Hello, I am locked out. Can you confirm the next step? ...",account_access,medium,neutral,0,,0,7.36,0,0.0,4.7,0,resolved_within_7d,resolved_standard
TKT000000838,CUST0149624,ORD00001838,2025-03-04T19:24,phone,East Midlands,55-64,English,35,home,130.29,17,0,Tracking stopped,Can someone check this? the courier says the parcel cannot be found. It is around 17 days beyond the expected delivery date. Can you confirm the next step? ASAP,lost_parcel,low,negative,0,,0,45.57,1,86.05,2.2,0,resolved_within_7d,refund_or_return_completed
TKT000000839,CUST0127508,ORD00001839,2025-06-16T13:03,email,London,35-44,English,32,appliances,201.89,4,3,Incorrect product received,"Support team, the item in the box is not what I ordered. The order value is about GBP 201.89. Thank you. pls",wrong_item,high,negative,1,,1,30.25,1,137.07,2.8,0,resolved_within_7d,specialist_escalation
TKT000000840,CUST0115030,ORD00001840,2025-08-19T10:22,phone,West Midlands,18-24,English,33,sports,117.61,1,3,Item arrived damaged,Please help - there is visible damage. The order value is about GBP 117.61. Can you confirm the next step?,damaged_item,medium,neutral,1,,0,29.18,0,0.0,4.4,0,resolved_within_7d,resolved_standard
TKT000000841,CUST0156637,ORD00001841,2025-01-28T15:57,mobile_app,West Midlands,35-44,English,59,electronics,286.6,0,2,Can I send this back?,Please help - I want to start a return. The order value is about GBP 286.60. Can you confirm the next step? thx,return_request,medium,negative,1,,1,26.38,1,195.27,2.9,0,resolved_within_7d,specialist_escalation
TKT000000842,CUST0111581,ORD00001842,2025-10-23T15:13,email,London,25-34,English,33,toys,57.75,1,3,Where is my refund?,I need assistance because the refund is showing as pending. The order value is about GBP 57.75. Thank you. pls,refund_status,low,neutral,0,,0,17.66,1,33.02,3.5,0,resolved_within_7d,refund_or_return_completed
TKT000000843,CUST0160513,ORD00001843,2025-12-19T23:10,web_chat,London,35-44,English,21,toys,8.29,1,2,Product question,"Hello, I have a question about compatibility. Thanks. thx",product_question,low,positive,0,,0,7.85,0,0.0,4.2,0,resolved_within_7d,resolved_standard
TKT000000844,CUST0111737,ORD00001844,2025-07-22T14:29,web_chat,Yorkshire,25-34,English,20,grocery,112.73,1,1,Wrong item delivered,Please help - the item in the box is not what I ordered. The order value is about GBP 112.73. Please get back to me. #help,wrong_item,medium,negative,1,,0,17.81,1,95.25,3.3,0,resolved_within_7d,refund_or_return_completed
TKT000000845,CUST0072974,ORD00001845,2025-08-19T00:03,email,West Midlands,55-64,Punjabi,52,home,63.55,4,0,Delivery delayed,"Hello, my order is late. It is around 4 days beyond the expected delivery date. Please advise. sent from mobile",delivery_late,medium,neutral,0,,1,25.31,0,0.0,,0,resolved_within_7d,specialist_escalation
TKT000000846,CUST0149432,ORD00001846,2025-05-07T23:43,web_chat,London,35-44,English,24,beauty,38.07,3,3,Delivery delayed,"Support team, my order is late. It is around 3 days beyond the expected delivery date. I need this resolved soon. ...",delivery_late,low,neutral,0,,0,23.78,0,0.0,,0,resolved_within_7d,resolved_standard
TKT000000847,CUST0138653,ORD00001847,2025-04-20T00:46,web_chat,West Midlands,18-24,English,14,appliances,130.51,1,2,This is not what I ordered,"Support team, the item in the box is not what I ordered. The order value is about GBP 130.51. Please get back to me. !!!",wrong_item,high,negative,1,,1,27.47,0,0.0,2.3,0,resolved_within_7d,specialist_escalation
TKT000000848,CUST0047401,ORD00001848,2025-05-12T10:37,phone,South West,18-24,English,56,fashion,128.26,2,0,Incorrect product received,Please help - you sent a different product. The order value is about GBP 128.26. Please get back to me. thx,wrong_item,high,negative,1,,0,18.57,0,0.0,,0,resolved_within_7d,resolved_standard
TKT000000849,CUST0070492,ORD00001849,2025-03-17T18:16,web_chat,London,45-54,English,36,sports,169.02,2,3,Account access problem,Can someone check this? the login keeps failing. Thanks.,account_access,medium,negative,0,,0,13.21,0,0.0,3.9,0,resolved_within_7d,resolved_standard
TKT000000850,CUST0063656,ORD00001850,2025-01-31T08:02,email,London,25-34,English,34,grocery,64.2,2,0,Wrong item delivered,"Support team, you sent a different product. The order value is about GBP 64.20. Please get back to me. !!!",wrong_item,low,negative,0,,0,20.24,0,0.0,4.1,0,resolved_within_7d,resolved_standard
TKT000000851,CUST0004933,ORD00001851,2025-07-08T13:12,phone,London,35-44,English,46,beauty,108.59,1,0,Return request,"Hello, I want to start a return. The order value is about GBP 108.59. Please advise. #help",return_request,medium,positive,0,,0,19.43,0,0.0,3.6,0,resolved_within_7d,resolved_standard
TKT000000852,CUST0050181,ORD00001852,2025-05-20T16:18,email,Wales,25-34,English,67,electronics,83.25,1,2,Item arrived damaged,"Hello, the box was crushed and the item is broken. The order value is about GBP 83.25. Please advise. pls",damaged_item,low,negative,0,,0,24.98,1,79.34,2.4,0,resolved_within_7d,refund_or_return_completed
TKT000000853,CUST0067519,ORD00001853,2025-09-05T17:32,email,London,18-24,English,41,sports,119.17,0,0,Wrong item delivered,I need assistance because the item in the box is not what I ordered. The order value is about GBP 119.17. I need this resolved soon. pls,wrong_item,low,neutral,1,,0,24.01,1,116.71,3.1,0,resolved_within_7d,refund_or_return_completed
TKT000000854,CUST0099128,ORD00001854,2025-10-20T19:12,mobile_app,London,25-34,English,56,fashion,127.85,1,0,Refund pending,"Hello, I returned the item but no refund is visible. The order value is about GBP 127.85. Can you confirm the next step? ...",refund_status,medium,positive,0,,1,22.02,1,100.0,3.7,0,resolved_within_7d,specialist_escalation
TKT000000855,CUST0087512,ORD00001855,2025-08-04T20:46,web_chat,Wales,25-34,English,80,grocery,17.59,1,4,Product is broken,"Hi, the box was crushed and the item is broken. The order value is about GBP 17.59. Can you confirm the next step? pls",damaged_item,low,neutral,1,,0,29.76,0,0.0,3.0,0,resolved_within_7d,resolved_standard
TKT000000856,CUST0084109,ORD00001856,2025-02-17T11:30,web_chat,West Midlands,55-64,English,55,home,118.46,0,0,Return request,I need assistance because I would like to return the item. The order value is about GBP 118.46. Thanks.,return_request,low,neutral,1,,0,14.11,0,0.0,3.7,0,resolved_within_7d,resolved_standard
TKT000000857,CUST0063298,ORD00001857,2025-07-13T03:56,email,,25-34,English,173,grocery,106.63,0,1,Warranty claim question,Please help - is this fault covered. Please get back to me. #help,warranty,medium,neutral,0,,0,52.98,0,0.0,2.5,0,resolved_within_7d,resolved_standard
TKT000000858,CUST0003811,ORD00001858,2025-09-25T17:10,web_chat,North West,25-34,English,60,home,107.08,0,3,Incorrect product received,"Hi, this is the incorrect item. The order value is about GBP 107.08. Thank you. ASAP",wrong_item,medium,positive,0,,0,18.13,1,90.16,,0,resolved_within_7d,refund_or_return_completed
TKT000000859,CUST0192406,ORD00001859,2025-05-27T00:26,mobile_app,West Midlands,65+,Punjabi,35,appliances,175.75,2,1,Payment problem,,payment_issue,low,negative,0,,0,22.39,0,0.0,2.6,1,resolved_within_7d,resolved_standard
TKT000000860,CUST0129879,ORD00001860,2025-05-22T00:57,email,South East,65+,English,26,sports,326.22,7,5,Where is my parcel?,Please help - I have been waiting for the parcel. It is around 7 days beyond the expected delivery date. Please advise. sent from mobile,delivery_late,medium,neutral,0,,1,27.11,0,0.0,2.6,0,resolved_within_7d,specialist_escalation
TKT000000861,CUST0094195,ORD00001861,2025-05-26T00:18,mobile_app,Northern Ireland,18-24,English,11,beauty,249.98,2,5,Need product information,"Support team, can you explain a product feature. I need this resolved soon. thx",product_question,low,negative,0,,1,22.23,0,0.0,,0,resolved_within_7d,specialist_escalation
TKT000000862,CUST0032323,ORD00001862,2025-08-01T04:44,email,London,25-34,English,135,sports,111.19,1,3,Product is broken,Can someone check this? the product is damaged. The order value is about GBP 111.19. I need this resolved soon. sent from mobile,damaged_item,medium,negative,0,,1,29.45,1,108.71,2.3,0,resolved_within_7d,specialist_escalation
TKT000000863,CUST0111283,ORD00001863,2025-11-10T11:16,web_chat,West Midlands,35-44,English,19,home,50.01,0,1,Product is broken,Can someone check this? the box was crushed and the item is broken. The order value is about GBP 50.01. Can you confirm the next step? thx,damaged_item,medium,positive,1,,0,23.23,1,43.28,3.1,0,resolved_within_7d,refund_or_return_completed
TKT000000864,CUST0022844,ORD00001864,2025-01-12T01:42,mobile_app,South West,35-44,Urdu,32,home,225.39,1,3,Cannot sign in,"HI, THE PASSWORD RESET IS NOT WORKING. PLEASE ADVISE.",account_access,medium,positive,0,,0,22.31,0,0.0,3.4,0,resolved_within_7d,resolved_standard
TKT000000865,CUST0083382,ORD00001865,2025-03-24T12:40,mobile_app,Northern Ireland,25-34,English,9,sports,91.63,7,5,Delivery delayed,"Hello, tracking has not moved. It is around 7 days beyond the expected delivery date. Please get back to me. ...",delivery_late,medium,negative,0,,0,24.5,0,0.0,3.1,0,resolved_within_7d,resolved_standard
TKT000000866,CUST0179413,ORD00001866,2025-08-02T19:54,web_chat,Wales,35-44,English,73,appliances,335.47,1,3,Card charged incorrectly,I need assistance because my payment failed but I see a charge. Thank you. !!!,payment_issue,high,neutral,0,,1,28.8,0,0.0,3.4,1,resolved_within_7d,specialist_escalation
TKT000000867,CUST0179675,ORD00001867,2025-06-29T18:21,web_chat,North West,35-44,English,23,fashion,127.97,1,1,Refund has not arrived,I need assistance because the refund is showing as pending. The order value is about GBP 127.97. Please get back to me. !!!,refund_status,medium,neutral,0,,0,16.81,0,0.0,3.5,0,resolved_within_7d,resolved_standard
TKT000000868,CUST0108338,ORD00001868,2025-06-18T03:54,mobile_app,East Midlands,65+,English,88,electronics,374.46,2,3,Can I send this back?,"Support team, please tell me how to send this back. The order value is about GBP 374.46. Please get back to me. ASAP",return_request,high,neutral,0,,0,17.49,1,266.57,3.9,0,resolved_within_7d,refund_or_return_completed
TKT000000869,CUST0135631,ORD00001869,2025-03-17T18:56,web_chat,East Midlands,45-54,English,36,electronics,117.03,2,1,Can I send this back?,I need assistance because please tell me how to send this back. The order value is about GBP 117.03. Please advise. ASAP,return_request,medium,negative,0,,0,16.91,1,97.46,3.0,0,resolved_within_7d,refund_or_return_completed
TKT000000870,CUST0076849,ORD00001870,2025-01-01T21:31,mobile_app,London,35-44,English,46,electronics,187.36,3,0,Refund has not arrived,"Support team, I returned the item but no refund is visible. The order value is about GBP 187.36. I need this resolved soon. !!!",refund_status,low,negative,0,,0,21.03,1,124.28,2.9,0,resolved_within_7d,refund_or_return_completed
TKT000000871,CUST0080038,ORD00001871,2025-11-13T19:38,email,East Midlands,55-64,English,44,electronics,142.95,3,2,Refund pending,"Hello, the refund is showing as pending. The order value is about GBP 142.95. Can you confirm the next step? ...",refund_status,low,negative,0,,1,25.76,0,0.0,2.8,0,resolved_within_7d,specialist_escalation
TKT000000872,CUST0069361,ORD00001872,2025-04-19T17:59,email,Yorkshire,18-24,English,33,fashion,16.61,9,4,Order still not here,"Hello, I have been waiting for the parcel. It is around 9 days beyond the expected delivery date. Please get back to me. thx",delivery_late,medium,neutral,0,,1,35.02,0,0.0,2.6,0,resolved_within_7d,specialist_escalation
TKT000000873,CUST0173436,ORD00001873,2025-08-31T15:33,web_chat,South East,55-64,English,33,home,41.7,0,2,Question before using item,"Support team, I need more information about the product. Thank you. thx",product_question,medium,neutral,0,,0,16.97,0,0.0,4.2,0,resolved_within_7d,resolved_standard
TKT000000874,CUST0097320,ORD00001874,2025-03-16T00:45,email,Yorkshire,25-34,English,55,grocery,34.58,1,0,This is not what I ordered,"Support team, the item in the box is not what I ordered. The order value is about GBP 34.58. Please get back to me. thx",wrong_item,medium,neutral,0,,0,16.16,1,21.62,3.5,0,resolved_within_7d,refund_or_return_completed
TKT000000875,CUST0171338,ORD00001875,2025-04-23T15:04,web_chat,South East,35-44,English,23,toys,70.86,10,0,Courier cannot locate parcel,"Support team, the courier says the parcel cannot be found. It is around 10 days beyond the expected delivery date. I need this resolved soon. #help",lost_parcel,medium,negative,0,,0,44.68,0,0.0,1.2,0,resolved_within_7d,resolved_standard
TKT000000876,CUST0049230,ORD00001876,2025-11-09T13:19,web_chat,Scotland,55-64,English,31,grocery,59.23,0,1,Card charged incorrectly,"Support team, my payment failed but I see a charge. Please advise. ASAP",payment_issue,medium,neutral,0,,0,23.34,0,0.0,3.4,0,resolved_within_7d,resolved_standard
TKT000000877,CUST0193000,ORD00001877,2025-02-25T14:14,email,Wales,25-34,Urdu,23,fashion,157.16,4,2,Order still not here,"HELLO, MY ORDER IS LATE. IT IS AROUND 4 DAYS BEYOND THE EXPECTED DELIVERY DATE. PLEASE GET BACK TO ME. THX",delivery_late,urgent,neutral,0,,0,21.83,0,0.0,3.9,0,resolved_within_7d,resolved_standard
TKT000000878,CUST0161994,ORD00001878,2025-06-14T07:57,web_chat,South West,45-54,English,57,appliances,304.59,1,1,Question before using item,Can someone check this? please clarify the product details. Thanks. thx,product_question,low,negative,0,,1,15.34,0,0.0,3.2,0,resolved_within_7d,specialist_escalation
TKT000000879,CUST0179087,ORD00001879,2025-02-10T17:37,mobile_app,South East,45-54,English,32,fashion,233.62,5,4,Where is my parcel?,"Hi, the delivery date has passed. It is around 5 days beyond the expected delivery date. Please advise. ASAP",delivery_late,medium,negative,0,,1,25.14,0,0.0,3.3,0,resolved_within_7d,specialist_escalation
TKT000000880,CUST0104279,ORD00001880,2025-02-05T21:08,email,Yorkshire,25-34,English,55,appliances,137.97,1,2,Checkout charge issue,"Hello, my payment failed but I see a charge. Can you confirm the next step? ASAP",payment_issue,medium,positive,0,,0,29.62,0,0.0,3.3,1,resolved_within_7d,resolved_standard
TKT000000881,CUST0079520,ORD00001881,2025-07-27T14:48,phone,Scotland,65+,English,27,beauty,21.58,0,1,I want to return this,Please help - is this still within the return window. The order value is about GBP 21.58. Please get back to me. sent from mobile,return_request,medium,positive,0,,0,16.66,1,17.74,3.7,1,resolved_within_7d,refund_or_return_completed
TKT000000882,CUST0164346,ORD00001882,2025-04-01T22:46,web_chat,West Midlands,35-44,English,39,fashion,119.11,3,5,Delivery delayed,Can someone check this? tracking has not moved. It is around 3 days beyond the expected delivery date. I need this resolved soon. thx,delivery_late,medium,negative,0,,0,19.48,0,0.0,3.6,0,resolved_within_7d,resolved_standard
TKT000000883,CUST0129916,ORD00001883,2025-11-05T10:15,mobile_app,Northern Ireland,65+,Punjabi,29,fashion,131.7,1,0,Item arrived damaged,"Support team, the box was crushed and the item is broken. The order value is about GBP 131.70. I need this resolved soon. ASAP",damaged_item,medium,negative,0,,0,21.93,1,96.69,3.0,0,resolved_within_7d,refund_or_return_completed
TKT000000884,CUST0091046,ORD00001884,2025-08-22T05:19,email,North West,65+,English,34,fashion,140.18,1,0,Warranty claim question,Can someone check this? I need help with the warranty. Please get back to me. pls,warranty,medium,positive,1,,0,28.4,0,0.0,3.6,0,resolved_within_7d,resolved_standard
TKT000000885,CUST0163442,ORD00001885,2025-08-02T11:34,email,South East,55-64,English,23,grocery,22.62,1,1,Product is broken,Please help - there is visible damage. The order value is about GBP 22.62. Can you confirm the next step?,damaged_item,high,neutral,1,,0,31.91,0,0.0,3.0,0,resolved_within_7d,resolved_standard
TKT000000886,CUST0180126,ORD00001886,2025-11-13T12:16,email,Scotland,25-34,English,24,beauty,123.71,4,0,Cannot sign in,"Hello, the password reset is not working. Can you confirm the next step? thx",account_access,medium,positive,0,,0,10.59,0,0.0,4.2,0,resolved_within_7d,resolved_standard
TKT000000887,CUST0089599,ORD00001887,2025-12-19T02:46,email,West Midlands,45-54,English,42,toys,157.88,8,0,Where is my parcel?,Please help - tracking has not moved. It is around 8 days beyond the expected delivery date. I need this resolved soon. #help,delivery_late,medium,negative,0,,0,18.63,0,0.0,3.1,0,resolved_within_7d,resolved_standard
TKT000000888,CUST0183339,ORD00001888,2025-10-12T11:34,mobile_app,London,35-44,English,6,grocery,17.38,3,2,This is not what I ordered,Please help - the item in the box is not what I ordered. The order value is about GBP 17.38. Please get back to me. !!!,wrong_item,low,negative,0,,0,21.65,0,0.0,3.5,0,resolved_within_7d,resolved_standard
TKT000000889,CUST0165043,ORD00001889,2025-09-17T12:56,mobile_app,Wales,35-44,English,9,fashion,25.5,0,2,Product question,"hi, i have a question about compatibility. thanks. pls",product_question,medium,negative,0,,0,13.61,0,0.0,2.9,0,resolved_within_7d,resolved_standard
TKT000000890,CUST0141999,ORD00001890,2025-12-27T06:20,email,North West,25-34,English,44,beauty,14.85,2,2,Question before using item,Please help - please clarify the product details. I need this resolved soon. ASAP,product_question,medium,positive,0,,0,10.01,0,0.0,4.5,0,resolved_within_7d,resolved_standard
TKT000000891,CUST0044066,ORD00001891,2025-10-20T07:35,phone,East Midlands,45-54,English,10,fashion,30.62,0,4,I want to return this,"Hello, I would like to return the item. The order value is about GBP 30.62. I need this resolved soon. sent from mobile",return_request,medium,negative,1,,0,17.79,1,29.94,4.0,0,resolved_within_7d,refund_or_return_completed
TKT000000892,CUST0058116,ORD00001892,2025-02-19T12:44,web_chat,East Midlands,35-44,English,18,electronics,389.12,1,1,Is this covered by warranty?,"Hello, how do I make a warranty claim. Thank you.",warranty,medium,negative,0,,0,25.91,0,0.0,3.1,0,resolved_within_7d,resolved_standard
TKT000000893,CUST0041559,ORD00001893,2025-05-14T04:38,email,West Midlands,25-34,English,39,electronics,48.89,4,2,Where is my refund?,I need assistance because the refund is showing as pending. The order value is about GBP 48.89. Thanks.,refund_status,medium,neutral,0,,0,19.8,0,0.0,3.4,0,resolved_within_7d,resolved_standard
TKT000000894,CUST0150900,ORD00001894,2025-12-11T10:21,mobile_app,South East,55-64,Urdu,33,appliances,118.62,10,1,Where is my parcel?,"Hi, I have been waiting for the parcel. It is around 10 days beyond the expected delivery date. Please advise. #help",delivery_late,medium,negative,0,,0,31.47,0,0.0,2.7,0,resolved_within_7d,resolved_standard
TKT000000895,CUST0006484,ORD00001895,2025-06-29T23:17,mobile_app,North West,35-44,English,17,sports,100.94,0,3,Is this covered by warranty?,"Support team, how do I make a warranty claim. Please get back to me.",warranty,medium,negative,0,,0,34.55,1,84.02,2.9,0,resolved_within_7d,refund_or_return_completed
TKT000000896,CUST0074076,ORD00001896,2025-11-04T02:27,mobile_app,Wales,45-54,English,44,grocery,9.18,1,2,Payment problem,Please help - I was charged twice. Can you confirm the next step? #help,payment_issue,low,negative,0,,1,28.92,0,0.0,2.9,0,resolved_within_7d,specialist_escalation
TKT000000897,CUST0180577,ORD00001897,2025-01-17T16:18,web_chat,East Midlands,65+,Romanian,10,grocery,29.74,0,2,Product question,Please help - please clarify the product details. Can you confirm the next step? !!!,product_question,medium,negative,0,,0,16.78,0,0.0,,0,resolved_within_7d,resolved_standard
TKT000000898,CUST0151324,ORD00001898,2025-05-03T09:19,phone,Yorkshire,25-34,English,27,electronics,117.52,1,2,Card charged incorrectly,"Support team, checkout did not complete properly. I need this resolved soon. #help",payment_issue,low,negative,0,,0,27.47,0,0.0,3.3,0,resolved_within_7d,resolved_standard
TKT000000899,CUST0110267,ORD00001899,2025-01-24T23:02,web_chat,Scotland,25-34,English,7,home,40.64,1,1,Refund has not arrived,Please help - I returned the item but no refund is visible. The order value is about GBP 40.64. I need this resolved soon. pls,refund_status,medium,neutral,0,,0,15.33,1,27.85,4.4,0,resolved_within_7d,refund_or_return_completed
TKT000000900,CUST0005003,ORD00001900,2025-05-01T23:19,email,North West,35-44,English,12,home,53.34,3,2,Card charged incorrectly,Please help - my payment failed but I see a charge. Thanks. ...,payment_issue,low,negative,0,,0,30.89,0,0.0,2.3,0,resolved_within_7d,resolved_standard
TKT000000901,CUST0082855,ORD00001901,2025-03-26T02:11,web_chat,Northern Ireland,45-54,English,13,toys,85.13,2,3,Refund has not arrived,Please help - I still have not received my refund. The order value is about GBP 85.13. I need this resolved soon. thx,refund_status,medium,neutral,0,,0,21.91,0,0.0,4.1,0,resolved_within_7d,resolved_standard
TKT000000902,CUST0190330,ORD00001902,2025-05-29T01:32,email,North West,45-54,English,45,home,170.07,1,4,Account access problem,I need assistance because I am locked out. Thank you. #help,account_access,medium,positive,0,,1,18.22,0,0.0,,0,resolved_within_7d,specialist_escalation
TKT000000903,CUST0194033,ORD00001903,2025-01-20T03:38,email,London,35-44,English,5,sports,164.91,1,3,I want to return this,"Hi, is this still within the return window. The order value is about GBP 164.91. Please get back to me. #help",return_request,medium,positive,0,,0,24.61,1,143.11,3.8,0,resolved_within_7d,refund_or_return_completed
TKT000000904,CUST0028951,ORD00001904,2025-09-13T07:47,web_chat,Scotland,35-44,English,10,electronics,369.9,1,3,Login not working,"Support team, the login keeps failing. Please get back to me. sent from mobile",account_access,medium,negative,0,,1,15.44,0,0.0,3.8,0,resolved_within_7d,specialist_escalation
TKT000000905,CUST0105564,ORD00001905,2025-04-06T05:38,email,Northern Ireland,35-44,English,10,electronics,146.74,0,0,Payment problem,"Hello, checkout did not complete properly. Please get back to me. #help",payment_issue,high,negative,0,,1,26.43,0,0.0,2.1,0,resolved_within_7d,specialist_escalation
TKT000000906,CUST0156316,ORD00001906,2025-05-28T20:28,web_chat,London,45-54,Romanian,75,sports,42.37,2,0,Product is broken,Can someone check this? the item arrived cracked. The order value is about GBP 42.37. Please advise. sent from mobile,damaged_item,medium,positive,1,,0,27.63,1,27.57,4.0,0,resolved_within_7d,refund_or_return_completed
TKT000000907,CUST0195697,ORD00001907,2025-12-31T06:13,mobile_app,Northern Ireland,25-34,English,51,appliances,790.65,2,3,This is not what I ordered,"Hello, the item in the box is not what I ordered. The order value is about GBP 790.65. Please advise. !!!",wrong_item,medium,negative,1,,0,22.55,0,0.0,3.4,0,resolved_within_7d,resolved_standard
TKT000000908,CUST0169834,ORD00001908,2025-01-17T12:53,web_chat,North West,65+,English,54,appliances,162.69,2,4,This is not what I ordered,I need assistance because this is the incorrect item. The order value is about GBP 162.69. Please advise. thx,wrong_item,medium,negative,0,,0,21.6,1,137.48,,0,resolved_within_7d,refund_or_return_completed
TKT000000909,CUST0093413,ORD00001909,2025-07-13T17:47,phone,Scotland,25-34,English,32,home,146.98,1,3,Item arrived damaged,I need assistance because there is visible damage. The order value is about GBP 146.98. Please get back to me. thx,damaged_item,medium,negative,1,,0,28.59,1,143.43,3.5,0,resolved_within_7d,refund_or_return_completed
TKT000000910,CUST0149822,ORD00001910,2025-10-10T06:03,mobile_app,Scotland,25-34,English,53,fashion,23.99,0,2,Can I send this back?,Please help - I want to start a return. The order value is about GBP 23.99. Please get back to me. #help,return_request,medium,neutral,1,,0,26.43,1,16.76,3.7,0,resolved_within_7d,refund_or_return_completed
TKT000000911,CUST0035593,ORD00001911,2025-11-08T14:12,email,Yorkshire,18-24,English,5,appliances,54.94,2,0,Account access problem,"Hi, the login keeps failing. Thanks. sent from mobile",account_access,medium,positive,0,,0,12.25,0,0.0,3.9,0,resolved_within_7d,resolved_standard
TKT000000912,CUST0108334,ORD00001912,2025-02-18T07:43,mobile_app,Yorkshire,35-44,English,19,beauty,21.85,1,3,Where is my refund?,"Support team, I still have not received my refund. The order value is about GBP 21.85. Please get back to me. thx",refund_status,medium,negative,0,,1,23.29,1,20.86,3.1,0,resolved_within_7d,specialist_escalation
TKT000000913,CUST0066803,ORD00001913,2025-02-28T16:12,web_chat,North West,35-44,English,8,beauty,398.03,3,2,Where is my parcel?,"Support team, my order is late. It is around 3 days beyond the expected delivery date. Thank you. !!!",delivery_late,high,positive,0,,0,15.96,0,0.0,3.5,0,resolved_within_7d,resolved_standard
TKT000000914,CUST0157066,ORD00001914,2025-05-10T08:06,web_chat,Yorkshire,55-64,English,29,grocery,11.94,2,4,Login not working,Please help - the password reset is not working. I need this resolved soon. pls,account_access,low,negative,0,,0,19.78,0,0.0,3.0,0,resolved_within_7d,resolved_standard
TKT000000915,CUST0158601,ORD00001915,2025-02-16T09:54,email,Yorkshire,45-54,English,26,electronics,10634.77,4,1,Checkout charge issue,I need assistance because the card payment is incorrect. Thanks.,payment_issue,high,negative,0,,1,36.62,0,0.0,,0,resolved_within_7d,specialist_escalation
TKT000000916,CUST0000824,ORD00001916,2025-06-01T19:50,web_chat,South East,25-34,English,12,fashion,30.69,1,2,Question before using item,"Hello, please clarify the product details. Thanks.",product_question,medium,negative,0,,0,12.52,0,0.0,3.3,0,resolved_within_7d,resolved_standard
TKT000000917,CUST0010692,ORD00001917,2025-03-23T07:22,web_chat,South West,55-64,English,15,home,128.2,0,3,Damage on arrival,Please help - the product is damaged. The order value is about GBP 128.20. I need this resolved soon. ASAP,damaged_item,medium,positive,0,,0,26.72,1,102.07,3.4,1,resolved_within_7d,refund_or_return_completed
TKT000000918,CUST0011024,ORD00001918,2025-08-23T08:32,web_chat,South West,55-64,English,44,appliances,553.48,1,1,Can I send this back?,Can someone check this? I would like to return the item. The order value is about GBP 553.48. Please get back to me.,return_request,low,positive,0,,0,19.99,1,485.16,4.2,0,resolved_within_7d,refund_or_return_completed
TKT000000919,CUST0120434,ORD00001919,2025-10-24T22:07,phone,Yorkshire,35-44,English,40,toys,19.64,0,3,Payment problem,Please help - the card payment is incorrect. Thanks. ASAP,payment_issue,medium,negative,0,,1,26.98,0,0.0,2.8,0,resolved_within_7d,specialist_escalation
TKT000000920,CUST0176306,ORD00001920,2025-11-21T02:53,web_chat,North West,25-34,English,39,beauty,223.43,9,2,Delivery delayed,"Hello, my order is late. It is around 9 days beyond the expected delivery date. Thanks. thx",delivery_late,medium,negative,0,,1,29.27,0,0.0,2.2,0,resolved_within_7d,specialist_escalation
TKT000000921,CUST0010209,ORD00001921,2025-02-28T00:40,email,North West,65+,English,25,home,136.11,1,2,Refund pending,"Hello, I still have not received my refund. The order value is about GBP 136.11. I need this resolved soon. ...",refund_status,medium,neutral,0,,0,18.8,1,104.65,4.2,0,resolved_within_7d,refund_or_return_completed
TKT000000922,CUST0173928,ORD00001922,2025-06-19T04:42,web_chat,London,25-34,English,60,grocery,28.43,9,1,Delivery delayed,Can someone check this? I have been waiting for the parcel. It is around 9 days beyond the expected delivery date. Thanks. ...,delivery_late,medium,negative,0,,0,22.65,0,0.0,2.3,0,resolved_within_7d,resolved_standard
TKT000000923,CUST0100043,ORD00001923,2025-08-04T02:47,mobile_app,Northern Ireland,45-54,English,10,beauty,76.63,2,3,Incorrect product received,"Hello, the item in the box is not what I ordered. The order value is about GBP 76.63. Thanks. thx",wrong_item,medium,neutral,0,,0,19.76,0,0.0,4.6,0,resolved_within_7d,resolved_standard
TKT000000924,CUST0006342,ORD00001924,2025-09-18T01:31,web_chat,Wales,65+,English,32,appliances,483.21,4,4,Login not working,I need assistance because I cannot access my account. Thank you. ASAP,account_access,low,positive,0,,0,18.25,0,0.0,3.8,0,resolved_within_7d,resolved_standard
TKT000000925,CUST0196468,ORD00001925,2025-06-19T11:10,email,London,55-64,English,17,grocery,40.94,0,4,I want to return this,I need assistance because I would like to return the item. The order value is about GBP 40.94. I need this resolved soon. pls,return_request,medium,neutral,0,,0,15.22,1,34.75,3.5,0,resolved_within_7d,refund_or_return_completed
TKT000000926,CUST0102874,ORD00001926,2025-03-23T18:04,email,South East,25-34,English,6,grocery,62.94,0,0,Card charged incorrectly,Can someone check this? the card payment is incorrect. Thanks. thx,payment_issue,medium,negative,1,,1,23.84,0,0.0,2.8,0,resolved_within_7d,specialist_escalation
TKT000000927,CUST0156272,ORD00001927,2025-08-26T22:19,email,North West,45-54,English,72,beauty,154.21,3,3,Refund pending,"Hi, I still have not received my refund. The order value is about GBP 154.21. Thank you. ...",refund_status,high,negative,0,,0,22.72,0,0.0,3.1,0,resolved_within_7d,resolved_standard
TKT000000928,CUST0143389,ORD00001928,2025-02-06T01:13,web_chat,Scotland,18-24,English,20,beauty,47.37,0,4,Where is my refund?,"Hello, I returned the item but no refund is visible. The order value is about GBP 47.37. Please advise. #help",refund_status,medium,positive,0,,1,23.12,0,0.0,2.8,0,resolved_within_7d,specialist_escalation
TKT000000929,CUST0005604,ORD00001929,2025-11-26T03:32,web_chat,London,18-24,English,64,home,49.42,0,4,Product is broken,i need assistance because there is visible damage. the order value is about gbp 49.42. i need this resolved soon. #help,damaged_item,medium,negative,0,,1,31.63,0,0.0,2.4,0,resolved_within_7d,specialist_escalation
TKT000000930,CUST0048109,ORD00001930,2025-03-11T01:34,web_chat,London,55-64,English,105,beauty,159.51,8,3,Where is my parcel?,Please help - my order is late. It is around 8 days beyond the expected delivery date. Thank you.,delivery_late,low,neutral,0,,1,26.31,1,100.13,3.4,1,resolved_within_7d,specialist_escalation
TKT000000931,CUST0122879,ORD00001931,2025-10-23T02:06,phone,North West,55-64,Urdu,74,electronics,166.4,1,2,Item arrived damaged,Please help - the box was crushed and the item is broken. The order value is about GBP 166.40. Please get back to me. thx,damaged_item,medium,negative,0,,1,32.4,0,0.0,2.9,0,resolved_within_7d,specialist_escalation
TKT000000932,CUST0137878,ORD00001932,2025-05-07T17:05,web_chat,South East,25-34,English,27,fashion,167.44,0,2,Refund pending,Can someone check this? please check my refund status. The order value is about GBP 167.44. Thank you. sent from mobile,refund_status,low,positive,0,,0,19.93,0,0.0,,0,resolved_within_7d,resolved_standard
TKT000000933,CUST0192383,ORD00001933,2025-04-13T12:19,web_chat,,35-44,English,21,fashion,123.5,0,0,Refund pending,"Support team, the refund is showing as pending. The order value is about GBP 123.50. I need this resolved soon. pls",refund_status,medium,negative,0,,0,17.8,0,0.0,3.4,0,resolved_within_7d,resolved_standard
TKT000000934,CUST0091115,ORD00001934,2025-04-14T19:15,web_chat,North West,25-34,English,42,home,284.88,1,2,Refund has not arrived,"Hello, I still have not received my refund. The order value is about GBP 284.88. Thanks. sent from mobile",refund_status,high,negative,0,,1,34.93,1,185.16,2.8,0,resolved_within_7d,specialist_escalation
TKT000000935,CUST0194985,ORD00001935,2025-01-14T08:59,phone,South West,25-34,English,8,grocery,34.36,11,2,Where is my parcel?,Please help - tracking has not moved. It is around 11 days beyond the expected delivery date. Thanks. ASAP,delivery_late,medium,negative,0,,0,27.33,0,0.0,3.0,0,resolved_within_7d,resolved_standard
TKT000000936,CUST0118125,ORD00001936,2025-07-07T21:28,mobile_app,South East,55-64,English,87,grocery,159.18,6,1,Order still not here,"Support team, tracking has not moved. It is around 6 days beyond the expected delivery date. Please advise. ASAP",delivery_late,medium,negative,1,,0,18.97,0,0.0,3.3,0,resolved_within_7d,resolved_standard
TKT000000937,CUST0178267,ORD00001937,2025-01-01T14:32,web_chat,West Midlands,18-24,English,22,home,67.64,2,2,Cannot sign in,"Hello, the login keeps failing. Can you confirm the next step?",account_access,low,negative,0,,0,10.81,0,0.0,3.5,0,resolved_within_7d,resolved_standard
TKT000000938,CUST0132682,ORD00001938,2025-03-12T09:00,web_chat,North West,35-44,English,51,grocery,15.49,4,3,Warranty help,"Support team, is this fault covered. Can you confirm the next step? ASAP",warranty,low,positive,0,,0,34.81,0,0.0,2.6,0,resolved_within_7d,resolved_standard
TKT000000939,CUST0168340,ORD00001939,2025-03-25T12:49,email,Scotland,18-24,Urdu,75,sports,93.82,9,1,Order still not here,"Hello, I have been waiting for the parcel. It is around 9 days beyond the expected delivery date. Please advise. ...",delivery_late,high,negative,0,,0,30.31,0,0.0,,0,resolved_within_7d,resolved_standard
TKT000000940,CUST0079276,ORD00001940,2025-12-30T02:57,email,Yorkshire,65+,Urdu,6,fashion,68.51,1,0,Product is broken,I need assistance because there is visible damage. The order value is about GBP 68.51. I need this resolved soon.,damaged_item,medium,negative,1,,0,26.95,1,55.63,2.4,0,resolved_within_7d,refund_or_return_completed
TKT000000941,CUST0056751,ORD00001941,2025-02-16T09:51,web_chat,London,55-64,Urdu,65,sports,183.7,8,3,Delivery delayed,Can someone check this? the delivery date has passed. It is around 8 days beyond the expected delivery date. Thank you. sent from mobile,delivery_late,low,negative,0,,0,23.18,0,0.0,3.5,0,resolved_within_7d,resolved_standard
TKT000000942,CUST0057626,ORD00001942,2025-10-14T12:34,email,Scotland,45-54,English,21,electronics,104.27,4,1,Need product information,can someone check this? i need more information about the product. thank you.,product_question,high,negative,0,,1,16.79,0,0.0,3.4,0,resolved_within_7d,specialist_escalation
TKT000000943,CUST0163914,ORD00001943,2025-10-12T21:01,phone,Wales,55-64,English,50,toys,56.53,1,1,Product is broken,Can someone check this? the product is damaged. The order value is about GBP 56.53. I need this resolved soon. ...,damaged_item,high,negative,0,,0,22.58,1,38.69,2.9,0,resolved_within_7d,refund_or_return_completed
TKT000000944,CUST0005409,ORD00001944,2025-11-14T23:58,web_chat,North West,45-54,English,48,appliances,158.26,9,1,Where is my parcel?,I need assistance because I have been waiting for the parcel. It is around 9 days beyond the expected delivery date. Can you confirm the next step? thx,delivery_late,urgent,negative,0,,1,38.39,0,0.0,2.6,0,resolved_within_7d,specialist_escalation
TKT000000945,CUST0142916,ORD00001945,2025-12-31T15:15,email,South East,55-64,Romanian,59,electronics,140.85,0,1,Return request,please help - i want to start a return. the order value is about gbp 140.85. can you confirm the next step?,return_request,medium,neutral,0,,0,17.78,0,0.0,4.6,0,resolved_within_7d,resolved_standard
TKT000000946,CUST0177619,ORD00001946,2025-02-25T05:31,web_chat,North West,35-44,English,22,sports,48.1,2,0,Return request,"Hi, please tell me how to send this back. The order value is about GBP 48.10. Thank you. sent from mobile",return_request,medium,neutral,0,,0,17.24,0,0.0,3.7,0,resolved_within_7d,resolved_standard
TKT000000947,CUST0032439,ORD00001947,2025-08-20T16:09,web_chat,London,18-24,English,46,home,44.2,3,3,Wrong item delivered,"Hi, the item in the box is not what I ordered. The order value is about GBP 44.20. Thanks.",wrong_item,low,neutral,1,,0,23.29,1,42.16,3.6,0,resolved_within_7d,refund_or_return_completed
TKT000000948,CUST0128055,ORD00001948,2025-07-20T14:45,web_chat,North West,35-44,English,29,toys,108.47,0,1,Return request,PLEASE HELP - IS THIS STILL WITHIN THE RETURN WINDOW. THE ORDER VALUE IS ABOUT GBP 108.47. CAN YOU CONFIRM THE NEXT STEP? #HELP,return_request,medium,neutral,1,,0,13.42,0,0.0,4.1,0,resolved_within_7d,resolved_standard
TKT000000949,CUST0185919,ORD00001949,2025-06-17T13:28,web_chat,North West,65+,English,19,toys,146.64,0,0,Cannot sign in,"Hello, the password reset is not working. I need this resolved soon. thx",account_access,low,neutral,0,,0,5.44,0,0.0,4.3,0,resolved_within_7d,resolved_standard
TKT000000950,CUST0107340,ORD00001950,2025-06-19T12:58,phone,South East,18-24,Punjabi,24,home,249.98,1,4,Damage on arrival,"Support team, the product is damaged. The order value is about GBP 249.98. Please advise. pls",damaged_item,medium,neutral,1,,1,31.68,1,201.32,3.1,0,resolved_within_7d,specialist_escalation
TKT000000951,CUST0167029,ORD00001951,2025-06-29T22:12,email,Wales,25-34,English,42,home,64.54,3,3,Card charged incorrectly,"Hi, the card payment is incorrect. Please advise. sent from mobile",payment_issue,low,negative,0,,0,27.04,0,0.0,3.5,0,resolved_within_7d,resolved_standard
TKT000000952,CUST0079189,ORD00001952,2025-07-30T21:17,phone,South East,45-54,Romanian,15,electronics,21.87,3,2,Return request,Can someone check this? I would like to return the item. The order value is about GBP 21.87. Thank you.,return_request,medium,negative,0,,1,24.79,1,20.03,,0,resolved_within_7d,specialist_escalation
TKT000000953,CUST0075199,ORD00001953,2025-11-12T01:54,phone,South East,18-24,English,76,toys,45.24,0,1,Product is broken,Can someone check this? there is visible damage. The order value is about GBP 45.24. I need this resolved soon. ...,damaged_item,medium,neutral,1,,0,23.87,0,0.0,,0,resolved_within_7d,resolved_standard
TKT000000954,CUST0040724,ORD00001954,2025-03-21T04:52,web_chat,South East,65+,English,40,appliances,367.8,0,1,Item arrived damaged,"Hi, the product is damaged. The order value is about GBP 367.80. I need this resolved soon. pls",damaged_item,medium,neutral,0,,1,30.86,0,0.0,3.2,1,resolved_within_7d,specialist_escalation
TKT000000955,CUST0093598,ORD00001955,2025-02-14T21:15,web_chat,North West,25-34,English,19,home,223.23,1,2,Where is my refund?,Can someone check this? the refund is showing as pending. The order value is about GBP 223.23. Can you confirm the next step? ASAP,refund_status,medium,negative,0,,0,22.76,0,0.0,3.1,0,resolved_within_7d,resolved_standard
TKT000000956,CUST0193207,ORD00001956,2025-05-31T08:41,email,North West,25-34,English,20,toys,54.58,1,1,Return request,Please help - I would like to return the item. The order value is about GBP 54.58. Please advise. ...,return_request,medium,positive,0,,0,19.56,1,49.71,4.0,0,resolved_within_7d,refund_or_return_completed
TKT000000957,CUST0007438,ORD00001957,2025-10-06T23:00,email,South East,25-34,English,70,grocery,18.08,1,4,I want to return this,Can someone check this? is this still within the return window. The order value is about GBP 18.08. Thank you. sent from mobile,return_request,medium,positive,1,,0,20.77,1,14.68,3.2,0,resolved_within_7d,refund_or_return_completed
TKT000000958,CUST0007266,ORD00001958,2025-06-14T00:48,mobile_app,West Midlands,25-34,English,38,electronics,77.01,7,0,Delivery delayed,Please help - I have been waiting for the parcel. It is around 7 days beyond the expected delivery date. Thank you. ASAP,delivery_late,medium,negative,0,,0,22.34,0,0.0,3.4,0,resolved_within_7d,resolved_standard
TKT000000959,CUST0010680,ORD00001959,2025-06-06T05:14,web_chat,South West,65+,English,7,appliances,395.55,2,2,Checkout charge issue,"Hi, I was charged twice. I need this resolved soon.",payment_issue,high,negative,0,,1,29.35,0,0.0,1.9,0,resolved_within_7d,specialist_escalation
TKT000000960,CUST0026394,ORD00001960,2025-05-06T08:14,web_chat,West Midlands,35-44,English,62,sports,125.0,1,2,Cannot sign in,"Hello, the login keeps failing. Please get back to me. pls",account_access,low,neutral,0,,0,14.42,0,0.0,,0,resolved_within_7d,resolved_standard
TKT000000961,CUST0199397,ORD00001961,2025-03-07T20:14,mobile_app,London,25-34,English,43,electronics,277.63,7,3,Delivery delayed,"Hello, my order is late. It is around 7 days beyond the expected delivery date. Please get back to me.",delivery_late,medium,negative,0,,1,27.97,1,244.95,2.4,0,resolved_within_7d,specialist_escalation
TKT000000962,CUST0068341,ORD00001962,2025-01-10T03:50,web_chat,West Midlands,45-54,English,6,toys,86.44,1,3,Cannot sign in,"Support team, I cannot access my account. Thanks. !!!",account_access,low,neutral,0,,0,9.88,0,0.0,4.5,0,resolved_within_7d,resolved_standard
TKT000000963,CUST0192748,ORD00001963,2025-06-04T08:07,email,London,25-34,English,33,toys,120.13,1,0,Product is broken,I need assistance because the item arrived cracked. The order value is about GBP 120.13. Please get back to me.,damaged_item,low,negative,0,,1,28.8,1,69.56,2.3,0,resolved_within_7d,specialist_escalation
TKT000000964,CUST0022973,ORD00001964,2025-05-11T08:44,web_chat,North West,55-64,English,42,grocery,15.94,0,2,Payment problem,"Hello, the card payment is incorrect. I need this resolved soon. sent from mobile",payment_issue,low,negative,0,,1,24.62,0,0.0,2.7,1,resolved_within_7d,specialist_escalation
TKT000000965,CUST0091199,ORD00001965,2025-10-26T09:40,mobile_app,North West,55-64,English,15,home,359.65,7,2,Delivery delayed,I need assistance because the delivery date has passed. It is around 7 days beyond the expected delivery date. Thank you.,delivery_late,medium,negative,0,,0,21.38,0,0.0,3.6,0,resolved_within_7d,resolved_standard
TKT000000966,CUST0135795,ORD00001966,2025-05-09T09:53,web_chat,South West,45-54,English,8,appliances,141.99,0,3,I want to return this,"Support team, I want to start a return. The order value is about GBP 141.99. Can you confirm the next step? !!!",return_request,high,positive,1,,0,21.34,1,136.14,3.7,0,resolved_within_7d,refund_or_return_completed
TKT000000967,CUST0092033,ORD00001967,2025-04-21T16:04,email,North West,65+,English,67,appliances,264.06,1,3,Damage on arrival,I need assistance because the item arrived cracked. The order value is about GBP 264.06. Thank you.,damaged_item,low,neutral,0,,1,30.88,1,216.44,2.8,1,resolved_within_7d,specialist_escalation
TKT000000968,CUST0101354,ORD00001968,2025-01-23T03:21,web_chat,West Midlands,35-44,English,41,home,101.0,13,1,Order still not here,"Support team, the delivery date has passed. It is around 13 days beyond the expected delivery date. I need this resolved soon. !!!",delivery_late,high,positive,0,,1,32.77,1,63.23,3.4,0,resolved_within_7d,specialist_escalation
TKT000000969,CUST0189619,ORD00001969,2025-09-27T07:16,phone,West Midlands,35-44,English,17,electronics,319.29,7,2,Delivery delayed,"Hi, my order is late. It is around 7 days beyond the expected delivery date. Thanks.",delivery_late,high,neutral,0,,1,29.03,0,0.0,2.9,0,resolved_within_7d,specialist_escalation
TKT000000970,CUST0058632,ORD00001970,2025-09-10T00:42,mobile_app,London,18-24,English,31,home,67.25,3,0,Where is my parcel?,Can someone check this? the delivery date has passed. It is around 3 days beyond the expected delivery date. Please get back to me. ...,delivery_late,medium,neutral,0,,0,13.66,0,0.0,4.0,0,resolved_within_7d,resolved_standard
TKT000000971,CUST0046705,ORD00001971,2025-09-25T09:09,email,West Midlands,65+,English,79,grocery,38.81,8,3,Order still not here,"Hello, tracking has not moved. It is around 8 days beyond the expected delivery date. Thank you. sent from mobile",delivery_late,high,neutral,0,,1,31.07,0,0.0,2.9,1,resolved_within_7d,specialist_escalation
TKT000000972,CUST0025705,ORD00001972,2025-06-21T22:08,email,West Midlands,55-64,English,39,toys,139.92,5,7,Tracking stopped,Can someone check this? my parcel may be lost. It is around 5 days beyond the expected delivery date. I need this resolved soon. #help,lost_parcel,low,negative,0,,1,44.73,1,126.84,1.4,0,resolved_within_7d,specialist_escalation
TKT000000973,CUST0027332,ORD00001973,2025-10-21T08:03,web_chat,South West,25-34,Urdu,0,fashion,27.11,2,2,Damage on arrival,Please help - there is visible damage. The order value is about GBP 27.11. Thanks. !!!,damaged_item,low,negative,0,,1,31.23,1,20.71,2.4,0,resolved_within_7d,specialist_escalation
TKT000000974,CUST0052780,ORD00001974,2025-06-20T01:29,phone,West Midlands,35-44,English,32,electronics,181.87,2,1,Card charged incorrectly,Please help - checkout did not complete properly. Thanks. thx,payment_issue,low,negative,0,,0,20.93,0,0.0,2.7,0,resolved_within_7d,resolved_standard
TKT000000975,CUST0142086,ORD00001975,2025-06-22T16:48,email,Scotland,35-44,English,23,sports,70.2,1,4,Where is my refund?,"Hello, the refund is showing as pending. The order value is about GBP 70.20. Can you confirm the next step? ...",refund_status,high,neutral,0,,1,29.85,0,0.0,3.6,1,resolved_within_7d,specialist_escalation
TKT000000976,CUST0146468,ORD00001976,2025-02-03T00:59,mobile_app,London,25-34,English,28,fashion,208.42,1,1,Login not working,"Hi, I cannot access my account. Thanks. !!!",account_access,medium,negative,0,,0,8.8,0,0.0,3.5,0,resolved_within_7d,resolved_standard
TKT000000977,CUST0084964,ORD00001977,2025-12-29T21:29,web_chat,Scotland,45-54,English,35,toys,50.36,3,2,Product is broken,I need assistance because the box was crushed and the item is broken. The order value is about GBP 50.36. Thanks. sent from mobile,damaged_item,medium,neutral,1,,1,33.7,0,0.0,2.3,0,resolved_within_7d,specialist_escalation
TKT000000978,CUST0026432,ORD00001978,2025-07-24T17:31,mobile_app,London,25-34,Polish,48,toys,104.6,0,2,Cannot sign in,Can someone check this? I am locked out. Thanks. #help,account_access,low,neutral,0,,0,8.76,0,0.0,3.8,0,resolved_within_7d,resolved_standard
TKT000000979,CUST0182191,ORD00001979,2025-02-05T06:05,email,East Midlands,25-34,English,10,toys,43.79,1,0,Need product information,Can someone check this? I need more information about the product. Please get back to me. pls,product_question,high,negative,0,,0,8.82,0,0.0,3.6,0,resolved_within_7d,resolved_standard
TKT000000980,CUST0001312,ORD00001980,2025-07-28T18:24,web_chat,South East,35-44,English,61,home,72.99,1,0,Can I send this back?,Can someone check this? is this still within the return window. The order value is about GBP 72.99. I need this resolved soon. !!!,return_request,medium,positive,1,,0,21.56,1,50.04,4.2,0,resolved_within_7d,refund_or_return_completed
TKT000000981,CUST0160606,ORD00001981,2025-06-15T04:13,mobile_app,Scotland,25-34,English,38,electronics,420.7,2,3,Refund has not arrived,Please help - the refund is showing as pending. The order value is about GBP 420.70. Thank you. #help,refund_status,high,neutral,0,,0,20.93,0,0.0,3.8,0,resolved_within_7d,resolved_standard
TKT000000982,CUST0052059,ORD00001982,2025-07-13T07:58,email,London,45-54,English,40,sports,334.5,8,3,Tracking stopped,"Hello, the courier says the parcel cannot be found. It is around 8 days beyond the expected delivery date. I need this resolved soon.",lost_parcel,urgent,negative,0,,1,42.67,0,0.0,2.4,0,resolved_within_7d,specialist_escalation
TKT000000983,CUST0073430,ORD00001983,2025-10-19T10:29,web_chat,London,18-24,English,71,grocery,44.69,3,0,Product question,"Support team, can you explain a product feature. Can you confirm the next step?",product_question,medium,neutral,0,,0,13.16,0,0.0,3.8,0,resolved_within_7d,resolved_standard
TKT000000984,CUST0114896,ORD00001984,2025-06-19T04:22,phone,London,55-64,English,19,electronics,107.98,4,2,Refund pending,"Hello, the refund is showing as pending. The order value is about GBP 107.98. Please advise. thx",refund_status,medium,neutral,0,,0,20.7,0,0.0,3.6,0,resolved_within_7d,resolved_standard
TKT000000985,CUST0140001,ORD00001985,2025-12-21T08:15,email,London,18-24,English,21,appliances,249.08,8,1,Where is my parcel?,Can someone check this? tracking has not moved. It is around 8 days beyond the expected delivery date. Thank you. thx,delivery_late,high,negative,0,,1,30.76,0,0.0,,0,resolved_within_7d,specialist_escalation
TKT000000986,CUST0036720,ORD00001986,2025-09-21T08:19,email,Yorkshire,55-64,English,9,electronics,154.57,9,0,Where is my parcel?,Can someone check this? the delivery date has passed. It is around 9 days beyond the expected delivery date. Thank you. pls,delivery_late,high,negative,0,,0,24.9,0,0.0,2.7,0,resolved_within_7d,resolved_standard
TKT000000987,CUST0072607,ORD00001987,2025-12-30T06:32,web_chat,South East,55-64,English,79,toys,69.27,1,2,Return request,"Hi, I would like to return the item. The order value is about GBP 69.27. I need this resolved soon. thx",return_request,low,positive,1,,0,25.64,1,53.66,4.3,0,resolved_within_7d,refund_or_return_completed
TKT000000988,CUST0053942,ORD00001988,2025-10-20T14:41,web_chat,Yorkshire,55-64,English,12,home,101.49,3,1,Can I send this back?,"Support team, I would like to return the item. The order value is about GBP 101.49. Please advise. pls",return_request,medium,neutral,0,,0,24.89,0,0.0,3.4,0,resolved_within_7d,resolved_standard
TKT000000989,CUST0053476,ORD00001989,2025-12-17T10:13,phone,Scotland,25-34,Punjabi,30,grocery,173.25,0,2,Need product information,"Support team, please clarify the product details. Please advise. sent from mobile",product_question,medium,positive,0,,1,13.65,0,0.0,4.3,0,resolved_within_7d,specialist_escalation
TKT000000990,CUST0142258,ORD00001990,2025-03-11T12:56,email,Wales,55-64,English,11,fashion,174.1,1,2,Account access problem,"Support team, I am locked out. Can you confirm the next step? thx",account_access,medium,neutral,0,,0,9.82,1,169.96,4.3,0,resolved_within_7d,refund_or_return_completed
TKT000000991,CUST0086148,ORD00001991,2025-06-13T07:51,email,Scotland,25-34,English,18,grocery,192.99,1,2,Incorrect product received,I need assistance because you sent a different product. The order value is about GBP 192.99. Please get back to me. !!!,wrong_item,low,neutral,1,,0,27.04,0,0.0,3.2,0,resolved_within_7d,resolved_standard
TKT000000992,CUST0053133,ORD00001992,2025-12-12T01:10,mobile_app,Scotland,45-54,English,101,grocery,41.51,1,1,Card charged incorrectly,I need assistance because the card payment is incorrect. Can you confirm the next step? sent from mobile,payment_issue,medium,neutral,0,,0,27.13,0,0.0,3.4,0,resolved_within_7d,resolved_standard
TKT000000993,CUST0045673,ORD00001993,2025-12-26T12:21,web_chat,Scotland,25-34,English,55,grocery,48.04,11,2,Courier cannot locate parcel,Can someone check this? tracking stopped several days ago. It is around 11 days beyond the expected delivery date. Thank you. sent from mobile,lost_parcel,medium,negative,0,,0,45.28,1,28.16,2.6,0,resolved_within_7d,refund_or_return_completed
TKT000000994,CUST0035497,ORD00001994,2025-01-13T05:26,email,Scotland,35-44,English,20,home,273.48,5,3,Delivery delayed,"Hello, the delivery date has passed. It is around 5 days beyond the expected delivery date. I need this resolved soon. ...",delivery_late,medium,neutral,0,,1,23.36,0,0.0,3.5,0,resolved_within_7d,specialist_escalation
TKT000000995,CUST0065998,ORD00001995,2025-12-28T09:08,email,East Midlands,25-34,Polish,32,sports,94.95,0,0,Product is broken,"Hi, the item arrived cracked. The order value is about GBP 94.95. Thank you. #help",damaged_item,low,neutral,0,,0,21.62,1,69.31,3.1,0,resolved_within_7d,refund_or_return_completed
TKT000000996,CUST0109109,ORD00001996,2025-12-18T08:24,mobile_app,South East,65+,English,21,appliances,174.17,2,1,Damage on arrival,,damaged_item,medium,positive,1,,0,23.43,1,107.45,4.0,0,resolved_within_7d,refund_or_return_completed
TKT000000997,CUST0089760,ORD00001997,2025-04-01T11:08,web_chat,East Midlands,18-24,English,10,electronics,450.28,3,2,Refund pending,Please help - please check my refund status. The order value is about GBP 450.28. Please get back to me. #help,refund_status,medium,negative,0,,1,23.48,0,0.0,3.0,0,resolved_within_7d,specialist_escalation
TKT000000998,CUST0063253,ORD00001998,2025-10-01T17:20,web_chat,South East,35-44,English,16,grocery,21.32,5,1,Delivery delayed,"Support team, tracking has not moved. It is around 5 days beyond the expected delivery date. Thank you. thx",delivery_late,medium,negative,0,,0,32.25,0,0.0,2.6,0,resolved_within_7d,resolved_standard
TKT000000999,CUST0198348,ORD00001999,2025-07-24T14:29,web_chat,South East,35-44,English,29,home,39.95,2,1,Product is broken,"Support team, the item arrived cracked. The order value is about GBP 39.95. Thank you. sent from mobile",damaged_item,medium,negative,0,,1,33.73,0,0.0,,0,resolved_within_7d,specialist_escalation
TKT000001000,CUST0173617,ORD00002000,2025-07-16T19:27,phone,South East,35-44,English,38,electronics,1341.71,10,3,Delivery delayed,Can someone check this? the delivery date has passed. It is around 10 days beyond the expected delivery date. Please get back to me.,delivery_late,medium,negative,0,,1,36.04,0,0.0,2.8,0,resolved_within_7d,specialist_escalation
